-- phpMyAdmin SQL Dump
-- version 4.0.10.20
-- https://www.phpmyadmin.net
--
-- Host: mysql
-- Generation Time: Jul 15, 2019 at 10:27 PM
-- Server version: 5.6.39
-- PHP Version: 5.3.29

SET SQL_MODE = "NO_AUTO_VALUE_ON_ZERO";
SET time_zone = "+00:00";


/*!40101 SET @OLD_CHARACTER_SET_CLIENT=@@CHARACTER_SET_CLIENT */;
/*!40101 SET @OLD_CHARACTER_SET_RESULTS=@@CHARACTER_SET_RESULTS */;
/*!40101 SET @OLD_COLLATION_CONNECTION=@@COLLATION_CONNECTION */;
/*!40101 SET NAMES utf8 */;

--
-- Database: `canteen`
--

-- --------------------------------------------------------

--
-- Table structure for table `d_food_act_balance`
--

DROP TABLE IF EXISTS `d_food_act_balance`;
CREATE TABLE IF NOT EXISTS `d_food_act_balance` (
  `id` int(11) NOT NULL AUTO_INCREMENT,
  `obj` varchar(25) DEFAULT NULL,
  `act_number` varchar(50) DEFAULT NULL,
  `act_date` int(11) DEFAULT NULL,
  `act_time_period` varchar(25) DEFAULT NULL,
  `type_balance` tinyint(4) NOT NULL DEFAULT '0',
  `reason` text,
  `commission` text,
  PRIMARY KEY (`id`)
) ENGINE=InnoDB  DEFAULT CHARSET=utf8 AUTO_INCREMENT=3 ;

--
-- Dumping data for table `d_food_act_balance`
--

INSERT INTO `d_food_act_balance` (`id`, `obj`, `act_number`, `act_date`, `act_time_period`, `type_balance`, `reason`, `commission`) VALUES
(1, 'u2', 'АктОст-1', 1561829537, '21:30 - 22:00', 1, 'qwe', 'retreter'),
(2, 'u2', 'АктОст-2', 1563035490, '20:30 - 21:00', 1, NULL, NULL);

-- --------------------------------------------------------

--
-- Table structure for table `d_food_act_writingoff`
--

DROP TABLE IF EXISTS `d_food_act_writingoff`;
CREATE TABLE IF NOT EXISTS `d_food_act_writingoff` (
  `id` int(11) NOT NULL AUTO_INCREMENT,
  `obj` varchar(25) DEFAULT NULL,
  `act_number` varchar(50) DEFAULT NULL,
  `act_date` int(11) DEFAULT NULL,
  `act_time_period` varchar(25) DEFAULT NULL,
  `total` decimal(10,2) DEFAULT NULL,
  `reason` text,
  `commission` text,
  `status` tinyint(4) NOT NULL DEFAULT '0',
  `date_approve` int(11) DEFAULT NULL,
  PRIMARY KEY (`id`)
) ENGINE=InnoDB  DEFAULT CHARSET=utf8 AUTO_INCREMENT=5 ;

--
-- Dumping data for table `d_food_act_writingoff`
--

INSERT INTO `d_food_act_writingoff` (`id`, `obj`, `act_number`, `act_date`, `act_time_period`, `total`, `reason`, `commission`, `status`, `date_approve`) VALUES
(2, 'u2', 'АктСпис-2', 1561223603, '21:00 - 21:30', 58.90, 'Заканчивается срок годности', 'Иванов И.И.\nПетров П.П.', 1, 1561814346),
(3, 'u2', 'АктСпис-3', 1561670146, '01:00 - 01:30', 11.78, 'тест', 'фио 1', 0, NULL),
(4, 'u2', 'АктСпис-4', 1561670229, '01:00 - 01:30', 208.20, 'Заканчивается срок годности', 'Иванов И.И.\nПетров П.П.', 1, 1561813507);

-- --------------------------------------------------------

--
-- Table structure for table `d_food_collect_recipes`
--

DROP TABLE IF EXISTS `d_food_collect_recipes`;
CREATE TABLE IF NOT EXISTS `d_food_collect_recipes` (
  `id` int(11) NOT NULL AUTO_INCREMENT,
  `name_n_year` varchar(500) DEFAULT NULL,
  PRIMARY KEY (`id`)
) ENGINE=InnoDB  DEFAULT CHARSET=utf8 AUTO_INCREMENT=12 ;

--
-- Dumping data for table `d_food_collect_recipes`
--

INSERT INTO `d_food_collect_recipes` (`id`, `name_n_year`) VALUES
(1, 'Бунятов К.Г., Малеев Н.М. Азербайджанская кулинария, 1982'),
(2, 'Васюкова А.Т. (ред.) Сборник рецептур блюд зарубежной кухни, 2015'),
(3, 'Васюкова А.Т. (ред.) Сборник рецептур блюд и кулинарных изделий кухонь народов России для предприятий общественного питания, 2013'),
(4, 'Голунова Л.Е. (сост.) Сборник рецептур блюд и кулинарных изделий для предприятий общественного питания, 2005'),
(5, 'Готцев А.А. Новейший сборник рецептур для предприятий общественного питания. Горячие блюда. Книга 1, 2011'),
(6, 'Готцев А.А. Новейший сборник рецептур для предприятий общественного питания. Холодные закуски и салаты. Книга 2, 2012'),
(7, 'Жангабылов А.К. и др. Рецептура блюд диетического питания, 1988'),
(8, 'Здобнов А.И., Цыганенко В.А. Сборник рецептур блюд и кулинарных изделий: для предприятий общественного питания, 2009'),
(9, 'Павлов А.В. Сборник рецептур мучных кондитерских и булочных изделий для предприятий общественного питания, 1998'),
(10, 'Сборник рецептур блюд для предприятий общественного питания на производственных предприятиях и в учебных заведениях, 1973'),
(11, 'Юдаева В.К. (ред.). Рецептура кулинарной продукции для предприятий общественного питания, 1966');

-- --------------------------------------------------------

--
-- Table structure for table `d_food_dishes`
--

DROP TABLE IF EXISTS `d_food_dishes`;
CREATE TABLE IF NOT EXISTS `d_food_dishes` (
  `id` int(11) NOT NULL AUTO_INCREMENT,
  `group_id` int(11) DEFAULT NULL,
  `dish_name` varchar(500) DEFAULT NULL,
  `objs` text,
  `collection_recipe_id` int(11) DEFAULT NULL,
  `recipe_number` int(11) DEFAULT NULL,
  `creator_technological_map` text,
  `standart_calculation_output` int(11) DEFAULT NULL,
  `standart_working_output` int(11) DEFAULT NULL,
  `output_unit` varchar(10) DEFAULT NULL,
  `cooking` text,
  PRIMARY KEY (`id`)
) ENGINE=InnoDB  DEFAULT CHARSET=utf8 AUTO_INCREMENT=8 ;

--
-- Dumping data for table `d_food_dishes`
--

INSERT INTO `d_food_dishes` (`id`, `group_id`, `dish_name`, `objs`, `collection_recipe_id`, `recipe_number`, `creator_technological_map`, `standart_calculation_output`, `standart_working_output`, `output_unit`, `cooking`) VALUES
(1, 1, 'Бутерброды с маслом', '{"u2":"1","u3":"1","u4":"1","u5":"0","u6":"1","u7":"0"}', 2, 235, 'Петров И.И. 23.04.2019', 350, 345, 'г', '<h2>Приготовление</h2>\n\n<p><span class="marker">Зеленый салат </span>нарезают крупно, <strong>редис и огурцы </strong>- тонкими ломтиками, лук шинкуют.&nbsp;<br />\nОвощи перемешивают.&nbsp;<br />\nПри отпуске салат поливают сметаной и <em>оформляют</em> яйцом.</p>\n\n<ul>\n	<li>Допускается приготовление салата без <s>огурцов</s>, в этом случае соответственно увеличивают норму редиса и салата.&nbsp;</li>\n	<li>Можно использовать редис, очищенный от кожицы, увеличив соответственно его закладку.</li>\n</ul>\n'),
(3, 4, 'Каша рассыпчатая', '', NULL, NULL, NULL, NULL, NULL, NULL, NULL),
(4, 4, 'Каша вязкая', '', NULL, NULL, NULL, NULL, NULL, NULL, NULL),
(5, 7, 'Яйца вареные', '', NULL, NULL, NULL, NULL, NULL, NULL, NULL),
(6, 7, 'Омлет с луком', '', NULL, NULL, NULL, NULL, NULL, NULL, NULL),
(7, 1, 'Ассорти мясное на хлебе', '{"u3":"1","u2":"1"}', 10, 23, '', 135, 248, '', '');

-- --------------------------------------------------------

--
-- Table structure for table `d_food_dishes_group`
--

DROP TABLE IF EXISTS `d_food_dishes_group`;
CREATE TABLE IF NOT EXISTS `d_food_dishes_group` (
  `id` int(11) NOT NULL AUTO_INCREMENT,
  `name` varchar(255) DEFAULT NULL,
  PRIMARY KEY (`id`)
) ENGINE=InnoDB  DEFAULT CHARSET=utf8 AUTO_INCREMENT=17 ;

--
-- Dumping data for table `d_food_dishes_group`
--

INSERT INTO `d_food_dishes_group` (`id`, `name`) VALUES
(1, 'Холодные блюда'),
(2, 'Супы'),
(3, 'Блюда из кратофеля, овощей и грибов'),
(4, 'Блюда из круп'),
(5, 'Блюда из бобовых'),
(6, 'Блюда из макаронных изделий'),
(7, 'Блюда из яиц'),
(8, 'Блюда из творога'),
(9, 'Блюда из рыбы, морепродуктов и раков'),
(10, 'Блюда из мяса и мясных продуктов'),
(11, 'Блюда из птицы'),
(12, 'Гарниры'),
(13, 'Соусы'),
(14, 'Сладкие блюда'),
(15, 'Напитки'),
(16, 'Мучные изделия');

-- --------------------------------------------------------

--
-- Table structure for table `d_food_dishes_obj`
--

DROP TABLE IF EXISTS `d_food_dishes_obj`;
CREATE TABLE IF NOT EXISTS `d_food_dishes_obj` (
  `dish_id` int(11) NOT NULL DEFAULT '0',
  `obj` varchar(25) NOT NULL DEFAULT '',
  `group_id` int(11) DEFAULT NULL,
  `dish_name` varchar(500) DEFAULT NULL,
  `collection_recipe_id` int(11) DEFAULT NULL,
  `recipe_number` int(11) DEFAULT NULL,
  `creator_technological_map` text,
  `standart_calculation_output` int(11) DEFAULT NULL,
  `standart_working_output` int(11) DEFAULT NULL,
  `output_unit` varchar(10) DEFAULT NULL,
  `cooking` text,
  PRIMARY KEY (`dish_id`,`obj`)
) ENGINE=InnoDB DEFAULT CHARSET=utf8;

--
-- Dumping data for table `d_food_dishes_obj`
--

INSERT INTO `d_food_dishes_obj` (`dish_id`, `obj`, `group_id`, `dish_name`, `collection_recipe_id`, `recipe_number`, `creator_technological_map`, `standart_calculation_output`, `standart_working_output`, `output_unit`, `cooking`) VALUES
(1, 'u2', 1, 'Бутерброды с маслом', 2, 235, 'Петров И.И. 23.04.2019', 350, 345, 'г', '<h2>Приготовление</h2>\n\n<p><big><span class="marker">Зеленый салат</span></big> нарезают крупно, <strong>редис и огурцы </strong>- тонкими ломтиками, лук шинкуют.&nbsp;<br />\nОвощи перемешивают.&nbsp;<br />\nПри отпуске салат поливают сметаной и <em>оформляют</em> яйцом.</p>\n\n<ul>\n	<li>Допускается приготовление салата без <s>огурцов</s>, в этом случае соответственно увеличивают норму редиса и салата.&nbsp;</li>\n	<li>Можно использовать редис, очищенный от кожицы, увеличив соответственно его закладку.</li>\n</ul>\n'),
(7, 'u2', 1, 'Ассорти мясное на хлебе', 10, 23, '', 135, 248, '', '');

-- --------------------------------------------------------

--
-- Table structure for table `d_food_doc_prod`
--

DROP TABLE IF EXISTS `d_food_doc_prod`;
CREATE TABLE IF NOT EXISTS `d_food_doc_prod` (
  `id` int(11) NOT NULL AUTO_INCREMENT,
  `doc_type` tinyint(1) DEFAULT NULL,
  `doc_id` int(11) DEFAULT NULL,
  `obj` varchar(25) DEFAULT NULL,
  `pos` int(11) DEFAULT '1',
  `prod_name` varchar(500) DEFAULT NULL,
  `tmark_id` int(11) DEFAULT NULL,
  `pack_id` int(11) DEFAULT NULL,
  `unit` varchar(10) DEFAULT NULL,
  `pack_unit` varchar(10) DEFAULT NULL,
  `in_amount` bigint(20) DEFAULT NULL,
  `in_amount_unit` varchar(10) DEFAULT NULL,
  `in_price` bigint(20) DEFAULT NULL,
  `amount` bigint(20) DEFAULT NULL,
  `amount_unit` varchar(10) DEFAULT NULL,
  `price` bigint(20) DEFAULT NULL,
  `exp_date` int(11) DEFAULT NULL,
  PRIMARY KEY (`id`),
  KEY `d_food_doc_prod_doc_type_doc_id_index` (`doc_type`,`doc_id`)
) ENGINE=InnoDB  DEFAULT CHARSET=utf8 AUTO_INCREMENT=188 ;

--
-- Dumping data for table `d_food_doc_prod`
--

INSERT INTO `d_food_doc_prod` (`id`, `doc_type`, `doc_id`, `obj`, `pos`, `prod_name`, `tmark_id`, `pack_id`, `unit`, `pack_unit`, `in_amount`, `in_amount_unit`, `in_price`, `amount`, `amount_unit`, `price`, `exp_date`) VALUES
(16, 1, 5, 'u2', 2, 'Какая-то торговая марка, 15 кг (15кг)', 28, 17, 'кг', '15кг', 15000, '15кг', 83700, 15000, '15кг', 83700, 1576454399),
(17, 1, 5, 'u2', 3, 'Горох целый "Ricos", пачка (2кг)', 3, 27, 'кг', '2кг', 28000, '2кг', 11780, 28000, '2кг', 11780, 1577923199),
(18, 1, 5, 'u2', 4, 'Какая-то торговая марка, кг (на вес) (кг, на вес)', 28, 20, 'кг', 'кг', 40000, 'кг', 14390, 10000, 'кг', 14390, 1576454399),
(24, 1, 5, 'u2', 5, 'Горох целый "Ricos", 1,5 кг (1500г)', 3, 26, 'г', '1500г', NULL, NULL, NULL, 15000, '1500г', 12450, 1613084399),
(25, 1, 5, 'u2', 6, 'Какая-то торговая марка, 15 кг (15кг)', 28, 17, 'кг', '15кг', NULL, NULL, NULL, 15000, '15кг', 83700, 1586296799),
(26, 1, 5, 'u2', 7, 'Какая-то торговая марка, 15 кг (15кг)', 28, 17, 'кг', '15кг', NULL, NULL, NULL, 15000, '15кг', 83700, 1586296799),
(27, 1, 5, 'u2', 8, 'Какая-то торговая марка, 1 кг (1кг)', 28, 18, 'кг', '1кг', NULL, NULL, NULL, 10000, '1кг', 12150, 1586296799),
(28, 1, 6, 'u2', 1, 'Горох целый "Ricos", 1,5 кг (1500г)', 3, 26, 'г', '1500г', NULL, NULL, NULL, 15000, '1500г', 14300, 1613084399),
(29, 1, 6, 'u2', 2, 'Какая-то торговая марка, кг (на вес) (кг, на вес)', 28, 20, 'кг', 'кг', NULL, NULL, NULL, 1000, 'кг', 12560, 1586296799),
(30, 1, 6, 'u2', 3, 'Какая-то торговая марка, 1 кг (1кг)', 28, 18, 'кг', '1кг', NULL, NULL, NULL, 1000, '1кг', 55700, 1586296799),
(31, 1, 6, 'u2', 4, 'Какая-то торговая марка, 15 кг (15кг)', 28, 17, 'кг', '15кг', NULL, NULL, NULL, 75000, '15кг', 88800, 1586296799),
(32, 1, 6, 'u2', 5, 'Горох целый "Ricos", 1,5 кг (1500г)', 3, 26, 'г', '1500г', NULL, NULL, NULL, 1500, '1500г', 14400, 1613084399),
(33, 1, 6, 'u2', 6, 'Гречка "Семейные закрома", 1 кг (1кг)', 7, 7, 'кг', '1кг', NULL, NULL, NULL, 1000, '1кг', 43250, 1586296799),
(34, 1, 6, 'u2', 7, 'Какая-то торговая марка, 1 кг (1кг)', 28, 18, 'кг', '1кг', NULL, NULL, NULL, 1000, '1кг', 55700, 1586296799),
(35, 1, 1, 'u2', 1, 'Какая-то торговая марка, 15 кг (15кг)', 28, 17, 'кг', '15кг', NULL, NULL, NULL, 15000, '15кг', 88850, 1586296799),
(36, 1, 1, 'u2', 2, 'Молоко "ДФМ", Бидон (10л)', 13, 9, 'л', '10л', NULL, NULL, NULL, 10000, '10л', 158700, 1586296799),
(37, 1, 1, 'u2', 3, 'Мясо курицы "Тринити", 1 кг (1кг)', 15, 10, 'кг', '1кг', NULL, NULL, NULL, 1000, '1кг', 22200, 1586296799),
(38, 1, 1, 'u2', 4, 'Мясо курицы "Тринити", 1 кг (1кг)', 15, 10, 'кг', '1кг', NULL, NULL, NULL, 1000, 'кг', 22200, 1586296799),
(39, 1, 5, 'u2', 1, 'Горох целый "Ricos", пачка (2кг)', 3, 27, 'кг', '2кг', NULL, NULL, NULL, 2000, '2кг', 11780, 1613084399),
(40, 1, 5, 'u2', 9, 'Гречка "Семейные закрома", 1 кг (1кг)', 7, 7, 'кг', '1кг', NULL, NULL, NULL, 1000, '1кг', 55550, 1586296799),
(41, 1, 5, 'u2', 10, 'Какая-то торговая марка, 15 кг (15кг)', 28, 17, 'кг', '15кг', NULL, NULL, NULL, 15000, '15кг', 83700, 1586296799),
(42, 1, 6, 'u2', 1, 'Какая-то торговая марка, 15 кг (15кг)', 28, 17, 'кг', '15кг', 15000, '15кг', 83700, 15000, '15кг', 83700, 1586296799),
(43, 1, 6, 'u2', 2, 'Горох целый "Ricos", пачка (2кг)', 3, 27, 'кг', '2кг', 28000, '2кг', 11780, 28000, '2кг', 11780, 1586296799),
(44, 1, 6, 'u2', 3, 'Какая-то торговая марка, кг (на вес) (кг, на вес)', 28, 20, 'кг', 'кг', 10000, 'кг', 14390, 10000, 'кг', 14390, 1586296799),
(45, 1, 7, 'u2', 1, 'Какая-то торговая марка, 15 кг (15кг)', 28, 17, 'кг', '15кг', 15000, '15кг', 83700, 15000, '15кг', 83700, 1586296799),
(46, 1, 7, 'u2', 2, 'Горох целый "Ricos", пачка (2кг)', 3, 27, 'кг', '2кг', 28000, '2кг', 11780, 22000, '2кг', 11780, 1585934854),
(47, 1, 7, 'u2', 3, 'Какая-то торговая марка, кг (на вес) (кг, на вес)', 28, 20, 'кг', 'кг', 40000, 'кг', 14390, 10000, 'кг', 14390, 1586296799),
(67, 1, 7, 'u2', 4, 'Какая-то торговая марка, 1 кг (1кг)', 28, 18, 'кг', '1кг', NULL, NULL, NULL, 1000, '1кг', 11500, 1581890400),
(74, 1, 7, 'u2', 5, 'Какая-то торговая марка, 15 кг (15кг)', 28, 17, 'кг', '15кг', NULL, NULL, NULL, 15000, '15кг', 83700, 1586713995),
(75, 1, 7, 'u2', 6, 'Какая-то торговая марка, 15 кг (15кг)', 28, 17, 'кг', '15кг', NULL, NULL, NULL, 15000, '15кг', 83700, 1586714220),
(76, 1, 7, 'u2', 7, 'Какая-то торговая марка, 1 кг (1кг)', 28, 18, 'кг', '1кг', NULL, NULL, NULL, 1000, '1кг', 11500, 1585162666),
(77, 1, 8, 'u2', 1, 'Горох целый "Ricos", 1,5 кг (1500г)', 3, 26, 'г', '1500г', 1500, '1500г', 11830, 1500, '1500г', 11830, 1584907289),
(78, 1, 8, 'u2', 2, 'Горох целый "Ricos", 10 кг (10кг)', 3, 6, 'кг', '10кг', 10000, '10кг', 78850, 10000, '10кг', 78850, 1585080089),
(79, 1, 8, 'u2', 3, 'Горох целый "Ricos", пачка (2кг)', 3, 27, 'кг', '2кг', 2000, '2кг', 11690, 2000, '2кг', 11690, 1578168089),
(83, 1, 14, 'u3', 1, 'Какая-то торговая марка, 15 кг (15кг)', 28, 17, 'кг', '15кг', 150000, '15кг', 80140, 150000, '15кг', 80140, 1585162666),
(84, 1, 14, 'u3', 2, 'Горох целый "Ricos", 10 кг (10кг)', 3, 6, 'кг', '10кг', 120000, '10кг', 83100, 120000, '10кг', 83100, 1585162666),
(85, 1, 14, 'u3', 3, 'Горох целый "Ricos", 1,5 кг (1500г)', 3, 26, 'г', '1500г', 7500, '1500г', 12570, 7500, '1500г', 12570, 1585162666),
(86, 1, 14, 'u3', 4, 'Горох целый "Ricos", 10 кг (10кг)', 3, 6, 'кг', '10кг', 10000, 'кг', 83100, 10000, 'кг', 83100, 1585162666),
(87, 1, 16, 'u5', 1, 'Горох целый "Ricos", 1,5 кг (1500г)', 3, 26, 'г', '1500г', 1500, '1500г', 12520, 1500, '1500г', 12520, 1585162666),
(88, 1, 16, 'u5', 2, 'Горох целый "Ricos", 10 кг (10кг)', 3, 6, 'кг', '10кг', 10000, '10кг', 83000, 10000, '10кг', 83000, 1585162666),
(89, 1, 16, 'u5', 3, 'Какая-то торговая марка, 15 кг (15кг)', 28, 17, 'кг', '15кг', 15000, '15кг', 80140, 15000, '15кг', 80140, 1585162666),
(90, 1, 17, 'u5', 1, 'Горох целый "Ricos", 1,5 кг (1500г)', 3, 26, 'г', '1500г', 1500, '1500г', 12520, 1500, '1500г', 12520, 1613858399),
(91, 1, 17, 'u5', 2, 'Горох целый "Ricos", 10 кг (10кг)', 3, 6, 'кг', '10кг', 10000, '10кг', 83000, 10000, '10кг', 83000, 1587070799),
(92, 1, 17, 'u5', 3, 'Какая-то торговая марка, 15 кг (15кг)', 28, 17, 'кг', '15кг', 15000, '15кг', 80140, 15000, '15кг', 80140, 1587070799),
(93, 1, 7, 'u2', 8, 'Какая-то торговая марка, кг (на вес) (кг, на вес)', 28, 20, 'кг', 'кг', NULL, NULL, NULL, 14000, 'кг', 14390, 1587149401),
(94, 1, 18, 'u2', 1, 'Какая-то торговая марка, 15 кг (15кг)', 28, 17, 'кг', '15кг', 15000, '15кг', 83700, 15000, '15кг', 83700, 1587157199),
(95, 1, 18, 'u2', 2, 'Горох целый "Ricos", пачка (2кг)', 3, 27, 'кг', '2кг', 28000, '2кг', 11780, 28000, '2кг', 11780, 1613944799),
(96, 1, 18, 'u2', 3, 'Какая-то торговая марка, кг (на вес) (кг, на вес)', 28, 20, 'кг', 'кг', 40000, 'кг', 14390, 40000, 'кг', 14390, 1587157199),
(98, 2, 6, 'u2', 1, 'Какая-то торговая марка, 15 кг (15кг)', 28, 17, 'кг', '15кг', 15000, '15кг', 88850, 0, '', 0, 1586296799),
(99, 2, 6, 'u2', 2, 'Молоко "ДФМ", Бидон (10л)', 13, 9, 'л', '10л', 10000, '10л', 158700, 10000, '10л', 158700, 1586296799),
(100, 2, 6, 'u2', 3, 'Мясо курицы "Тринити", 1 кг (1кг)', 15, 10, 'кг', '1кг', 1000, '1кг', 22200, 1000, '1кг', 22200, 1586296799),
(101, 2, 6, 'u2', 4, 'Мясо курицы "Тринити", 1 кг (1кг)', 15, 10, 'кг', '1кг', 1000, 'кг', 22200, 0, '', 0, 1586296799),
(102, 2, 7, 'u2', 1, 'Какая-то торговая марка, 15 кг (15кг)', 28, 17, 'кг', '15кг', 15000, '15кг', 88850, NULL, NULL, NULL, 1586296799),
(103, 2, 7, 'u2', 2, 'Молоко "ДФМ", Бидон (10л)', 13, 9, 'л', '10л', 10000, '10л', 158700, NULL, NULL, NULL, 1586296799),
(104, 2, 7, 'u2', 3, 'Мясо курицы "Тринити", 1 кг (1кг)', 15, 10, 'кг', '1кг', 1000, '1кг', 22200, NULL, NULL, NULL, 1586296799),
(105, 2, 7, 'u2', 4, 'Мясо курицы "Тринити", 1 кг (1кг)', 15, 10, 'кг', '1кг', 1000, 'кг', 22200, NULL, NULL, NULL, 1586296799),
(106, 2, 8, 'u2', 1, 'Горох целый "Ricos", пачка (2кг)', 3, 27, 'кг', '2кг', 2000, '2кг', 11780, NULL, NULL, NULL, 1613084399),
(107, 2, 8, 'u2', 2, 'Какая-то торговая марка, 15 кг (15кг)', 28, 17, 'кг', '15кг', 15000, '15кг', 83700, NULL, NULL, NULL, 1576454399),
(108, 2, 8, 'u2', 3, 'Горох целый "Ricos", пачка (2кг)', 3, 27, 'кг', '2кг', 28000, '2кг', 11780, NULL, NULL, NULL, 1577923199),
(109, 2, 8, 'u2', 4, 'Какая-то торговая марка, кг (на вес) (кг, на вес)', 28, 20, 'кг', 'кг', 10000, 'кг', 14390, NULL, NULL, NULL, 1576454399),
(110, 2, 8, 'u2', 5, 'Горох целый "Ricos", 1,5 кг (1500г)', 3, 26, 'г', '1500г', 15000, '1500г', 12450, NULL, NULL, NULL, 1613084399),
(111, 2, 8, 'u2', 6, 'Какая-то торговая марка, 15 кг (15кг)', 28, 17, 'кг', '15кг', 15000, '15кг', 83700, NULL, NULL, NULL, 1586296799),
(112, 2, 8, 'u2', 7, 'Какая-то торговая марка, 15 кг (15кг)', 28, 17, 'кг', '15кг', 15000, '15кг', 83700, NULL, NULL, NULL, 1586296799),
(113, 2, 8, 'u2', 8, 'Какая-то торговая марка, 1 кг (1кг)', 28, 18, 'кг', '1кг', 10000, '1кг', 12150, NULL, NULL, NULL, 1586296799),
(114, 2, 8, 'u2', 9, 'Гречка "Семейные закрома", 1 кг (1кг)', 7, 7, 'кг', '1кг', 1000, '1кг', 55550, NULL, NULL, NULL, 1586296799),
(115, 2, 8, 'u2', 10, 'Какая-то торговая марка, 15 кг (15кг)', 28, 17, 'кг', '15кг', 15000, '15кг', 83700, NULL, NULL, NULL, 1586296799),
(125, 4, 4, 'u2', 1, 'Горох целый "Ricos", 1,5 кг (1500г)', 3, 26, 'г', '1500г', NULL, NULL, NULL, 7500, '1500г', 22600, 1584907289),
(126, 4, 4, 'u2', 2, 'Какая-то торговая марка, 15 кг (15кг)', 28, 17, 'кг', '15кг', NULL, NULL, NULL, 15000, '15кг', 83700, 1576454399),
(136, 0, 4, 'u2', 4, 'Горох целый "Ricos", 1,5 кг (1500г)', 3, 26, 'г', '1500г', NULL, NULL, NULL, 1500, '1500г', 12450, 1584907289),
(137, 4, 4, 'u2', 3, 'Какая-то торговая марка, 1 кг (1кг)', 28, 18, 'кг', '1кг', NULL, NULL, NULL, 1000, '1кг', 11500, 1581890400),
(138, 4, 2, 'u2', 1, 'Горох целый "Ricos", пачка (2кг)', 3, 27, 'кг', '2кг', NULL, NULL, NULL, 10000, '2кг', 11780, 1577923199),
(139, 4, 3, 'u2', 1, 'Горох целый "Ricos", пачка (2кг)', 3, 27, 'кг', '2кг', NULL, NULL, NULL, 2000, '2кг', 11780, 1577923199),
(167, 5, 1, 'u2', 0, 'Горох целый "Ricos", 1,5 кг (1500г)', 3, 26, 'г', '1500г', 1500, NULL, NULL, 4500, '1500г', 12450, 1584907289),
(169, 5, 1, 'u2', 2, 'Горох целый "Ricos", 10 кг (10кг)', 3, 6, 'кг', '10кг', 10000, NULL, NULL, 10000, '10кг', 78850, 1585080089),
(172, 5, 1, 'u2', 1, 'Горох целый "Ricos", 1,5 кг (1500г)', 3, 26, 'г', '1500г', 7500, NULL, NULL, 0, '1500г', 12450, 1613084399),
(179, 3, 1, 'u2', 1, 'Гречка "Семейные закрома", 1 кг (1кг)', 7, 7, 'кг', '1кг', 1000, NULL, NULL, 1000, '1кг', 55550, 1586296799),
(181, 3, 1, 'u2', 2, 'Горох целый "Ricos", 1,5 кг (1500г)', 3, 26, 'г', '1500г', 7500, NULL, NULL, 1500, '1500г', 12450, 1584907289),
(182, 3, 2, 'u2', 1, 'Какая-то торговая марка, 15 кг (15кг)', 28, 17, 'кг', '15кг', 15000, NULL, NULL, 15000, '15кг', 83700, 1576454399),
(183, 3, 3, 'u2', 1, 'Какая-то торговая марка, кг (на вес) (кг, на вес)', 28, 20, 'кг', 'кг', NULL, NULL, NULL, 2000, 'кг', 14390, 1576454399),
(184, 3, 5, 'u2', 1, 'Горох целый "Ricos", 1,5 кг (1500г)', 3, 26, 'г', '1500г', NULL, NULL, NULL, 1500, '1500г', 12450, 1584907289),
(185, 3, 5, 'u2', 2, 'Горох целый "Ricos", 10 кг (10кг)', 3, 6, 'кг', '10кг', NULL, NULL, NULL, 10000, '10кг', 78850, 1585080089),
(186, 3, 4, 'u4', 1, 'Горох целый "Ricos", 1,5 кг (1500г)', 3, 26, 'г', '1500г', NULL, NULL, NULL, 1500, '1500г', 12450, 1584907289),
(187, 3, 6, 'u3', 1, 'Гречка "Семейные закрома", 1 кг (1кг)', 7, 7, 'кг', '1кг', NULL, NULL, NULL, 1000, '1кг', 55550, 1586296799);

-- --------------------------------------------------------

--
-- Table structure for table `d_food_feeding`
--

DROP TABLE IF EXISTS `d_food_feeding`;
CREATE TABLE IF NOT EXISTS `d_food_feeding` (
  `id` int(11) NOT NULL AUTO_INCREMENT,
  `parent_id` int(11) DEFAULT '0',
  `pos` int(11) DEFAULT NULL,
  `name` varchar(255) DEFAULT NULL,
  `objs` text,
  `status` tinyint(1) DEFAULT '0',
  PRIMARY KEY (`id`)
) ENGINE=InnoDB  DEFAULT CHARSET=utf8 AUTO_INCREMENT=54 ;

--
-- Dumping data for table `d_food_feeding`
--

INSERT INTO `d_food_feeding` (`id`, `parent_id`, `pos`, `name`, `objs`, `status`) VALUES
(1, 0, 1, 'Дети', '{"u2":"1","u3":"0","u4":"1","u5":"0","u6":"1","u7":"1"}', 0),
(2, 1, 2, 'Младшие отряды', '{"u2":"0","u3":"0","u4":"1","u5":"0","u6":"1","u7":"0"}', 0),
(3, 1, 3, 'Старшие отряды', '{"u2":"0","u3":"0","u4":"1","u5":"0","u6":"0","u7":"0"}', 0),
(4, 0, 5, 'Сотрудники', '{"u2":"1","u3":"0","u4":"0","u5":"0","u6":"1","u7":"1"}', 0),
(5, 4, 6, 'только обед', '{"u2":"0","u3":"0","u4":"0","u5":"1","u6":"1","u7":"0"}', 0),
(6, 4, 7, '3-разовое питание', '{"u2":"1","u3":"0","u4":"0","u5":"0","u6":"1","u7":"1"}', 0),
(7, 4, 8, '5-разовое питание', '{"u2":"0","u3":"0","u4":"0","u5":"0","u6":"1","u7":"0"}', 0),
(14, 0, 12, 'ertrre', '{"u2":"1","u3":"0","u4":"1","u5":"0","u6":"1","u7":"1"}', 0),
(53, 14, 13, 'tyuutyu', '{"u2":"0","u3":"0","u4":"0","u5":"0","u6":"1","u7":"0"}', 0);

-- --------------------------------------------------------

--
-- Table structure for table `d_food_feeding_dish_outlet`
--

DROP TABLE IF EXISTS `d_food_feeding_dish_outlet`;
CREATE TABLE IF NOT EXISTS `d_food_feeding_dish_outlet` (
  `dish_id` int(11) NOT NULL DEFAULT '0',
  `obj` varchar(25) NOT NULL DEFAULT '',
  `feeding_id` int(11) NOT NULL DEFAULT '0',
  `calculation` int(11) DEFAULT NULL,
  `working` int(11) DEFAULT NULL,
  `unit` varchar(10) DEFAULT NULL,
  PRIMARY KEY (`dish_id`,`obj`,`feeding_id`)
) ENGINE=InnoDB DEFAULT CHARSET=utf8;

--
-- Dumping data for table `d_food_feeding_dish_outlet`
--

INSERT INTO `d_food_feeding_dish_outlet` (`dish_id`, `obj`, `feeding_id`, `calculation`, `working`, `unit`) VALUES
(1, 'all', 1, 1217, 4385, 'г'),
(1, 'all', 2, 350, 345, 'г'),
(1, 'all', 3, 109, 225, 'г'),
(1, 'all', 4, 350, 345, 'г'),
(1, 'all', 5, 350, 345, 'г'),
(1, 'all', 6, 350, 345, 'г'),
(1, 'all', 7, 350, 345, 'г'),
(1, 'all', 14, 350, 345, 'г'),
(1, 'all', 53, 350, 345, 'г'),
(1, 'u2', 1, 351, 344, 'г'),
(1, 'u2', 4, 350, 340, 'г'),
(1, 'u2', 6, 351, 345, 'г'),
(1, 'u2', 14, 351, 345, 'г'),
(7, 'all', 1, 135, 248, ''),
(7, 'all', 2, 135, 248, ''),
(7, 'all', 3, 135, 248, ''),
(7, 'all', 4, 135, 248, ''),
(7, 'all', 5, 135, 248, ''),
(7, 'all', 6, 135, 248, ''),
(7, 'all', 7, 135, 248, ''),
(7, 'all', 14, 135, 248, ''),
(7, 'all', 53, 135, 248, ''),
(7, 'u2', 1, 135, 248, ''),
(7, 'u2', 2, 135, 248, ''),
(7, 'u2', 3, 135, 248, ''),
(7, 'u2', 4, 135, 248, ''),
(7, 'u2', 5, 135, 248, ''),
(7, 'u2', 6, 135, 248, ''),
(7, 'u2', 7, 135, 248, ''),
(7, 'u2', 14, 135, 248, ''),
(7, 'u2', 53, 135, 248, '');

-- --------------------------------------------------------

--
-- Table structure for table `d_food_invoice_receipt`
--

DROP TABLE IF EXISTS `d_food_invoice_receipt`;
CREATE TABLE IF NOT EXISTS `d_food_invoice_receipt` (
  `id` int(11) NOT NULL AUTO_INCREMENT,
  `trader_id` int(11) DEFAULT NULL,
  `order_id` int(11) DEFAULT NULL,
  `obj` varchar(25) DEFAULT NULL,
  `inv_number` varchar(50) DEFAULT NULL,
  `inv_date` int(11) DEFAULT NULL,
  `inv_time_period` varchar(25) DEFAULT NULL,
  `total` decimal(10,2) DEFAULT NULL,
  `date_approve` int(11) DEFAULT NULL,
  `status` int(11) NOT NULL DEFAULT '0',
  PRIMARY KEY (`id`)
) ENGINE=InnoDB  DEFAULT CHARSET=utf8 AUTO_INCREMENT=20 ;

--
-- Dumping data for table `d_food_invoice_receipt`
--

INSERT INTO `d_food_invoice_receipt` (`id`, `trader_id`, `order_id`, `obj`, `inv_number`, `inv_date`, `inv_time_period`, `total`, `date_approve`, `status`) VALUES
(1, 1, 0, 'u2', 'НакПр-1', 1554644168, '16:30 - 17:00', 291.95, 1555786238, 1),
(5, 3, 18, 'u2', 'НакПр-5', 1554644168, '16:30 - 17:00', 956.95, 1555703632, 1),
(6, 1, 0, 'u2', 'НакПр-6', 1554663734, '18:00 - 18:30', 1161.13, NULL, 0),
(7, 3, 18, 'u2', 'НакПр-7', 1554919834, '21:00 - 21:30', 749.04, 1555613866, 1),
(8, 3, 24, 'u2', 'НакПр-8', 1555445993, '00:00 - 00:30', 102.37, 1555786915, 1),
(14, 2, 4, 'u3', 'НакПр-14', 1555529247, '23:00 - 23:30', NULL, NULL, 0),
(16, 2, 28, 'u5', 'НакПр-16', 1555532079, '00:00 - 00:30', NULL, NULL, 0),
(17, 2, 28, 'u5', 'НакПр-17', 1555532294, '00:00 - 00:30', NULL, NULL, 0),
(18, 3, 18, 'u2', 'НакПр-18', 1555617429, '23:30 - 00:00', 824.22, NULL, 0),
(19, 1, 0, 'u2', 'НакПр-19', 1561222076, '20:30 - 21:00', NULL, NULL, 0);

-- --------------------------------------------------------

--
-- Table structure for table `d_food_invoice_return`
--

DROP TABLE IF EXISTS `d_food_invoice_return`;
CREATE TABLE IF NOT EXISTS `d_food_invoice_return` (
  `id` int(11) NOT NULL AUTO_INCREMENT,
  `trader_id` int(11) DEFAULT NULL,
  `inv_receipt_id` int(11) DEFAULT NULL,
  `obj` varchar(25) DEFAULT NULL,
  `inv_number` varchar(50) DEFAULT NULL,
  `inv_date` int(11) DEFAULT NULL,
  `inv_time_period` varchar(25) DEFAULT NULL,
  `total` decimal(10,2) DEFAULT NULL,
  `reason` text,
  `date_approve` int(11) DEFAULT NULL,
  `status` int(11) NOT NULL DEFAULT '0',
  PRIMARY KEY (`id`)
) ENGINE=InnoDB  DEFAULT CHARSET=utf8 AUTO_INCREMENT=9 ;

--
-- Dumping data for table `d_food_invoice_return`
--

INSERT INTO `d_food_invoice_return` (`id`, `trader_id`, `inv_receipt_id`, `obj`, `inv_number`, `inv_date`, `inv_time_period`, `total`, `reason`, `date_approve`, `status`) VALUES
(6, 1, 1, 'u2', 'НакВз-6', 1555962966, '19:00 - 19:30', 180.90, 'Закончился срок', 1556523204, 1),
(7, 1, 1, 'u2', 'НакВз-7', 1561218214, '19:30 - 20:00', 0.00, NULL, NULL, 0),
(8, 3, 5, 'u2', 'НакВз-8', 1561218251, '19:30 - 20:00', 0.00, NULL, NULL, 0);

-- --------------------------------------------------------

--
-- Table structure for table `d_food_invoice_transfer`
--

DROP TABLE IF EXISTS `d_food_invoice_transfer`;
CREATE TABLE IF NOT EXISTS `d_food_invoice_transfer` (
  `id` int(11) NOT NULL AUTO_INCREMENT,
  `obj_from` varchar(25) DEFAULT NULL,
  `obj_to` varchar(25) DEFAULT NULL,
  `inv_number` varchar(50) DEFAULT NULL,
  `inv_date` int(11) DEFAULT NULL,
  `inv_time_period` varchar(25) DEFAULT NULL,
  `reason` text,
  `total` decimal(10,2) DEFAULT NULL,
  `date_approve` int(11) DEFAULT NULL,
  `status` int(11) NOT NULL DEFAULT '0',
  PRIMARY KEY (`id`)
) ENGINE=InnoDB  DEFAULT CHARSET=utf8 AUTO_INCREMENT=7 ;

--
-- Dumping data for table `d_food_invoice_transfer`
--

INSERT INTO `d_food_invoice_transfer` (`id`, `obj_from`, `obj_to`, `inv_number`, `inv_date`, `inv_time_period`, `reason`, `total`, `date_approve`, `status`) VALUES
(1, 'u2', 'u3', 'НакПер-1', 1563044009, '19:00 - 19:30', 'asdasdasdasdas', 68.00, 1563213315, 2),
(2, 'u2', 'u4', 'НакПер-2', 1563123187, '19:30 - 20:00', '', 83.70, 1563123872, 1),
(3, 'u2', 'u5', 'НакПер-3', 1563123933, '20:00 - 20:30', '', 28.78, NULL, 0),
(4, 'u4', 'u2', 'НакПер-4', 1563124515, '20:00 - 20:30', '', 12.45, 1563215928, 2),
(5, 'u2', 'u4', 'НакПер-5', 1563124949, '20:00 - 20:30', '', 91.30, 1563215869, 2),
(6, 'u3', 'u6', 'НакПер-6', 1563216222, '21:30 - 22:00', '', 55.55, 1563216501, 2);

-- --------------------------------------------------------

--
-- Table structure for table `d_food_lock_tables`
--

DROP TABLE IF EXISTS `d_food_lock_tables`;
CREATE TABLE IF NOT EXISTS `d_food_lock_tables` (
  `id` int(11) NOT NULL AUTO_INCREMENT,
  `table_name` varchar(255) NOT NULL,
  `row_id` int(11) NOT NULL,
  `user_id` int(11) NOT NULL,
  `time_expired` int(11) NOT NULL,
  PRIMARY KEY (`id`)
) ENGINE=InnoDB  DEFAULT CHARSET=utf8 AUTO_INCREMENT=3 ;

-- --------------------------------------------------------

--
-- Table structure for table `d_food_order`
--

DROP TABLE IF EXISTS `d_food_order`;
CREATE TABLE IF NOT EXISTS `d_food_order` (
  `id` int(11) NOT NULL AUTO_INCREMENT,
  `trader_id` int(11) DEFAULT NULL,
  `obj` varchar(25) DEFAULT NULL,
  `state` tinyint(1) DEFAULT NULL,
  `date_open` int(11) DEFAULT NULL,
  `date_shipment` int(11) DEFAULT NULL,
  `delivery_time` text,
  `date_send` int(11) DEFAULT NULL,
  `date_close` int(11) DEFAULT NULL,
  `total` decimal(10,2) DEFAULT NULL,
  PRIMARY KEY (`id`)
) ENGINE=InnoDB  DEFAULT CHARSET=utf8 AUTO_INCREMENT=29 ;

--
-- Dumping data for table `d_food_order`
--

INSERT INTO `d_food_order` (`id`, `trader_id`, `obj`, `state`, `date_open`, `date_shipment`, `delivery_time`, `date_send`, `date_close`, `total`) VALUES
(2, 2, 'u3', 1, 1551131253, 1551141253, '{"from":"12:00","to":"17:00"}', 1555529056, NULL, 268.42),
(4, 2, 'u3', 1, 1551131253, 1551141253, '{"from":"12:00","to":"17:00"}', 1555529221, 1551141253, 1944.55),
(5, 2, 'u3', 2, 1551131253, 1551141253, '{"from":"12:00","to":"17:00"}', NULL, 1551141253, 246.34),
(10, 1, 'u2', 1, 1551735552, 1553698478, '{"from":"07:00","to":"15:00"}', 1553358822, NULL, 2065.32),
(17, 1, 'u4', 0, 1552166198, 1552843479, '{"from":"07:00","to":"15:00"}', NULL, NULL, 734.90),
(18, 3, 'u2', 2, 1553339772, 1553450380, '{"from":"08:00","to":"15:00"}', 1554635238, 1555703632, 824.21),
(19, 2, 'u2', 2, 1551735552, 1554134834, '{"from":"13:00","to":"21:00"}', 1553358822, 1553359266, 179.04),
(20, 3, 'u2', 0, 1553350890, 1553549352, '{"from":"12:00","to":"00:00"}', NULL, NULL, 370.37),
(21, 1, 'u2', 0, 1553759093, 1554319126, '{"from":"07:00","to":"15:00"}', 1554534454, NULL, 555.72),
(22, 1, 'u2', 0, 1554563255, 1554737221, '{"from":"08:00","to":"21:00"}', NULL, NULL, 130.04),
(23, 3, 'u2', 1, 1555440305, 1556045106, '{"from":"13:00","to":"19:00"}', 1555440747, NULL, 1267.11),
(24, 3, 'u2', 2, 1555440762, 1556218363, '{"from":"08:00","to":"12:00"}', 1555441520, 1555786915, 102.37),
(25, 1, 'u4', 0, 1555530068, 1555530069, '{"from":"07:00","to":"15:00"}', 1555530093, NULL, 136.66),
(28, 2, 'u5', 1, 1555531965, 1555877566, '{"from":"13:00","to":"19:30"}', 1555532018, NULL, 175.66);

-- --------------------------------------------------------

--
-- Table structure for table `d_food_order_product`
--

DROP TABLE IF EXISTS `d_food_order_product`;
CREATE TABLE IF NOT EXISTS `d_food_order_product` (
  `id` int(11) NOT NULL AUTO_INCREMENT,
  `order_id` int(11) DEFAULT NULL,
  `pos` int(11) DEFAULT '1',
  `prod_name` varchar(500) DEFAULT NULL,
  `tmark_id` int(11) DEFAULT NULL,
  `pack_id` int(11) DEFAULT NULL,
  `unit` varchar(10) DEFAULT NULL,
  `pack_unit` varchar(10) DEFAULT NULL,
  `amount_unit` varchar(10) DEFAULT NULL,
  `amount` bigint(20) DEFAULT NULL,
  `price` bigint(20) DEFAULT NULL,
  PRIMARY KEY (`id`)
) ENGINE=InnoDB  DEFAULT CHARSET=utf8 AUTO_INCREMENT=2244 ;

--
-- Dumping data for table `d_food_order_product`
--

INSERT INTO `d_food_order_product` (`id`, `order_id`, `pos`, `prod_name`, `tmark_id`, `pack_id`, `unit`, `pack_unit`, `amount_unit`, `amount`, `price`) VALUES
(97, 10, 1, 'Горох целый "Ricos", 1,5 кг (1500г)', 3, 26, 'г', '1500г', 'г', 4500, 14350),
(98, 10, 2, 'Горох целый "Ricos", 10 кг (10кг)', 3, 6, 'кг', '10кг', 'кг', 10000, 90250),
(104, 10, 3, 'Какая-то торговая марка, 1 кг (1кг)', 28, 18, 'кг', '1кг', '1кг', 1000, 55700),
(105, 10, 4, 'Молоко "ДФМ", Бидон (10л)', 13, 9, 'л', '10л', '10л', 10000, 158870),
(107, 10, 5, 'Какая-то торговая марка, кг (на вес) (кг, на вес)', 28, 20, 'кг', 'кг', 'кг', 1000, 12560),
(108, 10, 6, 'Какая-то торговая марка, 15 кг (15кг)', 28, 17, 'кг', '15кг', '15кг', 15000, 88850),
(109, 10, 7, 'Гречка "Семейные закрома", 1 кг (1кг)', 7, 7, 'кг', '1кг', '1кг', 1000, 43150),
(113, 10, 8, 'Какая-то торговая марка, 25 кг (25кг)', 28, 23, 'кг', '25кг', '25кг', 25000, 33330),
(114, 10, 9, 'Горох целый "Ricos", пачка (2кг)', 3, 27, 'кг', '2кг', '2кг', 2000, 12330),
(115, 10, 10, 'Рис "Белозернышко", кг (на вес) (кг, на вес)', 2, 5, 'кг', 'кг', 'кг', 1000, 12000),
(116, 10, 11, 'Мясо курицы "Тринити", 1 кг (1кг)', 15, 10, 'кг', '1кг', '1кг', 1000, 22220),
(117, 10, 12, 'Круппа кукурузная "Радуга", кг (на вес) (кг, на вес)', 10, 8, 'кг', 'кг', 'кг', 1000, 47850),
(118, 10, 13, 'Рис "Белозернышко", 1 кг (1кг)', 2, 4, 'кг', '1кг', '1кг', 1000, 15330),
(120, 18, 2, 'Горох целый "Ricos", пачка (2кг)', 3, 27, 'кг', '2кг', '2кг', 28000, 11780),
(121, 18, 3, 'Какая-то торговая марка, кг (на вес) (кг, на вес)', 28, 20, 'кг', 'кг', 'кг', 40000, 14393),
(122, 18, 1, 'Какая-то торговая марка, 15 кг (15кг)', 28, 17, 'кг', '15кг', '15кг', 15000, 83695),
(136, 19, 1, 'Горох целый "Ricos", 1,5 кг (1500г)', 3, 26, 'г', '1500г', '1500г', 1500, 13000),
(137, 19, 2, 'Горох целый "Ricos", 10 кг (10кг)', 3, 6, 'кг', '10кг', '10кг', 10000, 85900),
(138, 19, 3, 'Какая-то торговая марка, 15 кг (15кг)', 28, 17, 'кг', '15кг', '15кг', 15000, 80140),
(143, 20, 1, 'Горох целый "Ricos", 1,5 кг (1500г)', 3, 26, 'г', '1500г', '1500г', 1500, 11923),
(144, 20, 2, 'Какая-то торговая марка, кг (на вес) (кг, на вес)', 28, 20, 'кг', 'кг', 'кг', 1000, 14345),
(145, 20, 3, 'Гречка "Семейные закрома", 1 кг (1кг)', 7, 7, 'кг', '1кг', '1кг', 1000, 52773),
(155, 20, 4, 'Какая-то торговая марка, 15 кг (15кг)', 28, 17, 'кг', '15кг', '15кг', 15000, 79515),
(156, 20, 5, 'Гречка "Семейные закрома", 1 кг (1кг)', 7, 7, 'кг', '1кг', '1кг', 1000, 52773),
(157, 20, 6, 'Какая-то торговая марка, 15 кг (15кг)', 28, 17, 'кг', '15кг', '15кг', 15000, 79515),
(158, 20, 7, 'Какая-то торговая марка, 15 кг (15кг)', 28, 17, 'кг', '15кг', '15кг', 15000, 79515),
(160, 21, 1, 'Горох целый "Ricos", 1,5 кг (1500г)', 3, 26, 'г', '1500г', 'г', 1500, 12870),
(161, 21, 2, 'Горох целый "Ricos", 10 кг (10кг)', 3, 6, 'кг', '10кг', '10кг', 10000, 81135),
(192, 21, 3, 'Гречка "Семейные закрома", 1 кг (1кг)', 7, 7, 'кг', '1кг', '1кг', 1000, 38970),
(193, 21, 4, 'Какая-то торговая марка, 15 кг (15кг)', 28, 17, 'кг', '15кг', '15кг', 15000, 79920),
(194, 21, 5, 'Какая-то торговая марка, кг (на вес) (кг, на вес)', 28, 20, 'кг', 'кг', 'кг', 1000, 11300),
(195, 21, 6, 'Какая-то торговая марка, 25 кг (25кг)', 28, 23, 'кг', '25кг', '25кг', 25000, 30000),
(196, 21, 7, 'Круппа кукурузная "Радуга", кг (на вес) (кг, на вес)', 10, 8, 'кг', 'кг', 'кг', 1000, 43065),
(199, 21, 8, 'Мясо курицы "Тринити", 1 кг (1кг)', 15, 10, 'кг', '1кг', '1кг', 1000, 20000),
(207, 21, 9, 'Горох целый "Ricos", пачка (2кг)', 3, 27, 'кг', '2кг', '2кг', 2000, 18495),
(209, 17, 1, 'Горох целый "Ricos", 1,5 кг (1500г)', 3, 26, 'г', '1500г', '1500г', 1500, 13000),
(210, 17, 2, 'Горох целый "Ricos", 10 кг (10кг)', 3, 6, 'кг', '10кг', '10кг', 10000, 85900),
(211, 17, 3, 'Какая-то торговая марка, 15 кг (15кг)', 28, 17, 'кг', '15кг', '15кг', 15000, 80140),
(212, 2, 1, 'Горох целый "Ricos", 1,5 кг (1500г)', 3, 26, 'г', '1500г', '1500г', 1500, 12500),
(213, 2, 2, 'Горох целый "Ricos", 10 кг (10кг)', 3, 6, 'кг', '10кг', '10кг', 10000, 83100),
(214, 2, 3, 'Какая-то торговая марка, 15 кг (15кг)', 28, 17, 'кг', '15кг', '15кг', 15000, 80160),
(1059, 21, 10, 'Какая-то торговая марка, 1 кг (1кг)', 28, 18, 'кг', '1кг', '1кг', 1000, 50130),
(1060, 21, 11, 'Рис "Белозернышко", 1 кг (1кг)', 2, 4, 'кг', '1кг', '1кг', 1000, 13800),
(1081, 21, 12, 'Горох целый "Ricos", 1,5 кг (1500г)', 3, 26, 'г', '1500г', '1500г', 1500, 12870),
(1082, 21, 13, 'Горох целый "Ricos", 1,5 кг (1500г)', 3, 26, 'г', '1500г', '1500г', 1500, 12870),
(1083, 22, 1, 'Горох целый "Ricos", 1,5 кг (1500г)', 3, 26, 'г', '1500г', '1500г', 4500, 13005),
(1084, 22, 2, 'Горох целый "Ricos", 1,5 кг (1500г)', 3, 26, 'г', '1500г', '1500г', 7500, 13005),
(1085, 22, 3, 'Горох целый "Ricos", 1,5 кг (1500г)', 3, 26, 'г', '1500г', '1500г', 1500, 13005),
(1086, 22, 4, 'Горох целый "Ricos", 1,5 кг (1500г)', 3, 26, 'г', '1500г', '1500г', 1500, 13005),
(1087, 23, 1, 'Горох целый "Ricos", 1,5 кг (1500г)', 3, 26, 'г', '1500г', '1500г', 1500, 11830),
(1088, 23, 2, 'Горох целый "Ricos", 1,5 кг (1500г)', 3, 26, 'г', '1500г', '1500г', 1500, 11830),
(1089, 23, 3, 'Горох целый "Ricos", 10 кг (10кг)', 3, 6, 'кг', '10кг', '10кг', 10000, 78850),
(1090, 23, 4, 'Горох целый "Ricos", 10 кг (10кг)', 3, 6, 'кг', '10кг', '10кг', 10000, 78850),
(1091, 23, 5, 'Гречка "Семейные закрома", 1 кг (1кг)', 7, 7, 'кг', '1кг', '1кг', 1000, 52770),
(1092, 23, 6, 'Гречка "Семейные закрома", 1 кг (1кг)', 7, 7, 'кг', '1кг', '1кг', 1000, 52770),
(1842, 24, 1, 'Горох целый "Ricos", 1,5 кг (1500г)', 3, 26, 'г', '1500г', '1500г', 1500, 11830),
(1843, 24, 2, 'Горох целый "Ricos", 10 кг (10кг)', 3, 6, 'кг', '10кг', '10кг', 10000, 78850),
(1844, 24, 3, 'Горох целый "Ricos", пачка (2кг)', 3, 27, 'кг', '2кг', '2кг', 2000, 11690),
(1845, 4, 1, 'Какая-то торговая марка, 15 кг (15кг)', 28, 17, 'кг', '15кг', '15кг', 150000, 80140),
(1846, 4, 2, 'Горох целый "Ricos", 10 кг (10кг)', 3, 6, 'кг', '10кг', '10кг', 120000, 83100),
(1847, 4, 3, 'Горох целый "Ricos", 1,5 кг (1500г)', 3, 26, 'г', '1500г', '1500г', 7500, 12570),
(1848, 2, 4, 'Горох целый "Ricos", 1,5 кг (1500г)', 3, 26, 'г', '1500г', '1500г', 1500, 12500),
(1849, 2, 5, 'Какая-то торговая марка, 15 кг (15кг)', 28, 17, 'кг', '15кг', '15кг', 15000, 80160),
(2227, 4, 4, 'Горох целый "Ricos", 10 кг (10кг)', 3, 6, 'кг', '10кг', 'кг', 10000, 83100),
(2228, 25, 1, 'Горох целый "Ricos", пачка (2кг)', 3, 27, 'кг', '2кг', '2кг', 2000, 18090),
(2229, 25, 2, 'Какая-то торговая марка, 15 кг (15кг)', 28, 17, 'кг', '15кг', '15кг', 15000, 78190),
(2230, 25, 3, 'Какая-то торговая марка, 25 кг (25кг)', 28, 23, 'кг', '25кг', '25кг', 25000, 29330),
(2231, 25, 4, 'Какая-то торговая марка, кг (на вес) (кг, на вес)', 28, 20, 'кг', 'кг', 'кг', 1000, 11050),
(2232, 5, 1, 'Какая-то торговая марка, 15 кг (15кг)', 28, 17, 'кг', '15кг', '15кг', 15000, 80140),
(2233, 5, 2, 'Горох целый "Ricos", 10 кг (10кг)', 3, 6, 'кг', '10кг', '10кг', 10000, 83100),
(2234, 5, 3, 'Горох целый "Ricos", 10 кг (10кг)', 3, 6, 'кг', '10кг', '10кг', 10000, 83100),
(2241, 28, 1, 'Горох целый "Ricos", 1,5 кг (1500г)', 3, 26, 'г', '1500г', '1500г', 1500, 12520),
(2242, 28, 2, 'Горох целый "Ricos", 10 кг (10кг)', 3, 6, 'кг', '10кг', '10кг', 10000, 83000),
(2243, 28, 3, 'Какая-то торговая марка, 15 кг (15кг)', 28, 17, 'кг', '15кг', '15кг', 15000, 80140);

-- --------------------------------------------------------

--
-- Table structure for table `d_food_prod_group`
--

DROP TABLE IF EXISTS `d_food_prod_group`;
CREATE TABLE IF NOT EXISTS `d_food_prod_group` (
  `id` int(11) NOT NULL AUTO_INCREMENT,
  `main_id` int(11) DEFAULT NULL,
  `obj` varchar(25) NOT NULL,
  `group_pos` int(11) NOT NULL DEFAULT '1',
  `name` varchar(255) NOT NULL,
  `deleted` tinyint(1) NOT NULL DEFAULT '0',
  PRIMARY KEY (`id`)
) ENGINE=InnoDB  DEFAULT CHARSET=utf8 AUTO_INCREMENT=65 ;

--
-- Dumping data for table `d_food_prod_group`
--

INSERT INTO `d_food_prod_group` (`id`, `main_id`, `obj`, `group_pos`, `name`, `deleted`) VALUES
(1, NULL, 'all', 1, 'Бакалея', 0),
(2, NULL, 'all', 2, 'Молочные продукты', 0),
(3, NULL, 'all', 3, 'Мясо, птица, яйцо', 0),
(4, NULL, 'all', 4, 'Напитки безалкогольные', 0),
(5, NULL, 'all', 5, 'Рыба, морепродукты', 0),
(6, NULL, 'all', 6, 'Фрукты, овощи,грибы', 0),
(7, NULL, 'all', 7, 'Хлебобулочные изделия', 0),
(8, NULL, 'all', 8, 'Чай, кофе, какао', 0),
(35, NULL, 'all', 9, 'Group 9', 0),
(56, 1, 'u4', 1, 'Бакалея', 0),
(57, 2, 'u4', 2, 'Молочные продукты', 0),
(60, 1, 'u2', 1, 'Бакалея', 0),
(61, 2, 'u2', 2, 'Молочные продукты', 0),
(62, 3, 'u2', 3, 'Мясо, птица, яйцо', 0),
(63, 1, 'u3', 1, 'Бакалея', 0),
(64, 1, 'u6', 1, 'Бакалея', 0);

-- --------------------------------------------------------

--
-- Table structure for table `d_food_prod_obj`
--

DROP TABLE IF EXISTS `d_food_prod_obj`;
CREATE TABLE IF NOT EXISTS `d_food_prod_obj` (
  `id` int(11) NOT NULL AUTO_INCREMENT,
  `obj` varchar(25) NOT NULL,
  `group_id` int(11) NOT NULL,
  `type_id` int(11) NOT NULL,
  `tmark_id` int(11) DEFAULT NULL,
  `tmark_pos` int(11) DEFAULT NULL,
  `tmark_deleted` tinyint(1) DEFAULT '0',
  `pack_id` int(11) DEFAULT NULL,
  `pack_pos` int(11) DEFAULT NULL,
  `pack_deleted` tinyint(1) NOT NULL DEFAULT '0',
  PRIMARY KEY (`id`),
  KEY `d_food_prod_obj_pack_id_index` (`pack_id`),
  KEY `d_food_prod_obj_obj_index` (`obj`),
  KEY `d_food_prod_obj_tmark_id_index` (`tmark_id`)
) ENGINE=InnoDB  DEFAULT CHARSET=utf8 AUTO_INCREMENT=235 ;

--
-- Dumping data for table `d_food_prod_obj`
--

INSERT INTO `d_food_prod_obj` (`id`, `obj`, `group_id`, `type_id`, `tmark_id`, `tmark_pos`, `tmark_deleted`, `pack_id`, `pack_pos`, `pack_deleted`) VALUES
(1, 'all', 1, 8, 1, 1, 0, 1, 2, 0),
(2, 'all', 1, 8, 1, 1, 0, 2, 1, 0),
(3, 'all', 1, 8, 1, 1, 0, 3, 3, 0),
(4, 'all', 1, 8, 2, 2, 0, 4, 1, 0),
(5, 'all', 1, 8, 2, 2, 0, 5, 2, 0),
(6, 'all', 1, 9, 3, 1, 0, 6, 2, 0),
(7, 'all', 1, 3, 7, 1, 0, 7, 1, 0),
(8, 'all', 1, 4, 10, 1, 0, 8, 1, 0),
(9, 'all', 2, 13, 13, 1, 0, 9, 1, 0),
(10, 'all', 3, 14, 15, 1, 0, 10, 1, 0),
(11, 'all', 8, 29, 17, 1, 0, 11, 1, 0),
(12, 'all', 7, 26, 18, 1, 0, 12, 1, 0),
(13, 'all', 7, 26, 19, 1, 0, 13, 1, 0),
(28, 'all', 1, 37, 28, 2, 0, 17, 1, 0),
(29, 'all', 1, 37, 28, 2, 0, 18, 2, 0),
(31, 'all', 1, 37, 28, 2, 0, 20, 3, 0),
(34, 'all', 1, 37, 28, 2, 0, 23, 4, 0),
(35, 'all', 1, 37, 29, 3, 0, NULL, NULL, 0),
(36, 'all', 1, 37, 30, 1, 0, NULL, NULL, 0),
(37, 'all', 35, 42, 31, 1, 0, 24, 1, 0),
(38, 'all', 35, 42, 31, 1, 0, 25, 2, 0),
(43, 'all', 1, 9, 3, 1, 0, 26, 1, 0),
(44, 'all', 1, 9, 3, 1, 0, 27, 3, 0),
(45, 'all', 3, 16, 32, 1, 0, 28, 1, 0),
(162, 'u4', 56, 165, 28, 1, 0, 18, 2, 0),
(163, 'u4', 56, 165, 28, 1, 0, 20, 1, 0),
(164, 'u4', 57, 166, 13, 2, 0, 9, 1, 0),
(175, 'u4', 56, 163, 3, 1, 0, 27, 1, 0),
(176, 'u4', 56, 165, 28, 1, 0, 17, 3, 0),
(178, 'u4', 56, 167, 10, 1, 0, 8, 1, 0),
(182, 'u4', 56, 164, 7, 1, 0, 7, 1, 0),
(206, 'all', 1, 3, 7, 1, 0, 29, 2, 0),
(209, 'u2', 60, 171, 3, 1, 0, 26, 1, 0),
(210, 'u2', 60, 171, 3, 1, 0, 6, 2, 0),
(211, 'u2', 60, 171, 3, 1, 0, 27, 3, 0),
(212, 'u2', 60, 172, 7, 1, 0, 7, 1, 0),
(213, 'u2', 61, 173, 13, 1, 0, 9, 1, 0),
(214, 'u2', 60, 174, 10, 1, 0, 8, 1, 0),
(215, 'u2', 62, 175, 15, 1, 0, 10, 1, 0),
(216, 'u2', 60, 176, 28, 1, 0, 18, 2, 0),
(217, 'u2', 60, 176, 28, 1, 0, 17, 3, 0),
(218, 'u2', 60, 176, 28, 1, 0, 23, 4, 0),
(219, 'u2', 60, 176, 28, 1, 0, 20, 1, 0),
(220, 'u2', 60, 177, 2, 1, 0, 5, 1, 0),
(221, 'u2', 60, 177, 2, 1, 0, 4, 2, 0),
(222, 'u3', 63, 178, 7, 1, 0, 7, 1, 0),
(223, 'u3', 63, 179, 3, 1, 0, 26, 1, 0),
(232, 'u4', 56, 163, 3, 1, 0, 26, 2, 0),
(233, 'u4', 56, 163, 3, 1, 0, 6, 3, 0),
(234, 'u6', 64, 180, 7, 1, 0, 7, 1, 0);

-- --------------------------------------------------------

--
-- Table structure for table `d_food_prod_pack`
--

DROP TABLE IF EXISTS `d_food_prod_pack`;
CREATE TABLE IF NOT EXISTS `d_food_prod_pack` (
  `id` int(11) NOT NULL AUTO_INCREMENT,
  `name` varchar(500) DEFAULT NULL,
  `by_weight` tinyint(1) DEFAULT '0',
  `value` bigint(20) DEFAULT NULL,
  `pack_unit` varchar(10) NOT NULL,
  `smallest_unit_value` bigint(20) DEFAULT NULL,
  `life` int(11) DEFAULT NULL,
  `temp_from` int(11) DEFAULT NULL,
  `temp_to` int(11) DEFAULT NULL,
  PRIMARY KEY (`id`)
) ENGINE=InnoDB  DEFAULT CHARSET=utf8 AUTO_INCREMENT=30 ;

--
-- Dumping data for table `d_food_prod_pack`
--

INSERT INTO `d_food_prod_pack` (`id`, `name`, `by_weight`, `value`, `pack_unit`, `smallest_unit_value`, `life`, `temp_from`, `temp_to`) VALUES
(1, '1 кг', 0, 1, 'кг', 1000, 365, 5, 15),
(2, 'кг (на вес)', 1, NULL, 'кг', 1000, 365, 5, 15),
(3, '10 кг', 0, 10, 'кг', 10000, 365, -25, 5),
(4, '1 кг', 0, 1, 'кг', 1000, 365, 5, 15),
(5, 'кг (на вес)', 1, NULL, 'кг', 1000, 365, 5, 15),
(6, '10 кг', 0, 10, 'кг', 10000, 365, -25, 5),
(7, '1 кг', 0, 1, 'кг', 1000, 365, 5, 15),
(8, 'кг (на вес)', 1, NULL, 'кг', 1000, 365, 5, 15),
(9, 'Бидон', 0, 10, 'л', 10000, 365, -25, 5),
(10, '1 кг', 0, 1, 'кг', 1000, 365, 5, 15),
(11, 'Ящик', 1, NULL, 'кг', 1000, 365, 5, 15),
(12, '', 0, 600, 'г', 600, 365, 5, 15),
(13, 'кг (на вес)', 1, NULL, 'кг', 1000, 365, 5, 15),
(17, '15 кг', 0, 15, 'кг', 15000, 365, -8, 15),
(18, '1 кг', 0, 1, 'кг', 1000, 365, -8, 15),
(20, 'кг (на вес)', 1, NULL, 'кг', 0, 365, -8, 15),
(23, '25 кг', 0, 25, 'кг', 25000, 365, -8, 15),
(24, 'Новая упаковка', 0, 10, 'кг', 10000, 60, -5, 20),
(25, 'Мешком', 1, NULL, 'кг', 1000, 60, 0, 20),
(26, '1,5 кг', 0, 1500, 'г', 1500, 675, -15, 35),
(27, 'пачка', 0, 2, 'кг', 2000, 675, -15, 35),
(28, 'упаковка', 0, 2, 'дес', 20, 365, -5, 30),
(29, '', 0, 1500, 'г', 1500, 365, -25, 5);

-- --------------------------------------------------------

--
-- Table structure for table `d_food_prod_replacement`
--

DROP TABLE IF EXISTS `d_food_prod_replacement`;
CREATE TABLE IF NOT EXISTS `d_food_prod_replacement` (
  `obj` varchar(10) NOT NULL,
  `id_product` int(11) NOT NULL,
  `id_replacement` int(11) NOT NULL,
  `position` int(11) DEFAULT '0',
  PRIMARY KEY (`obj`,`id_product`,`id_replacement`)
) ENGINE=InnoDB DEFAULT CHARSET=utf8;

-- --------------------------------------------------------

--
-- Table structure for table `d_food_prod_tmark`
--

DROP TABLE IF EXISTS `d_food_prod_tmark`;
CREATE TABLE IF NOT EXISTS `d_food_prod_tmark` (
  `id` int(11) NOT NULL AUTO_INCREMENT,
  `name` varchar(500) NOT NULL,
  `pack_unit` varchar(10) NOT NULL,
  `life` int(11) DEFAULT NULL,
  `temp_from` int(11) DEFAULT NULL,
  `temp_to` int(11) DEFAULT NULL,
  PRIMARY KEY (`id`)
) ENGINE=InnoDB  DEFAULT CHARSET=utf8 AUTO_INCREMENT=33 ;

--
-- Dumping data for table `d_food_prod_tmark`
--

INSERT INTO `d_food_prod_tmark` (`id`, `name`, `pack_unit`, `life`, `temp_from`, `temp_to`) VALUES
(1, 'Рис «Мелкозернистый»', 'г', 365, 5, 15),
(2, 'Рис "Белозернышко"', 'г', 60, -15, 30),
(3, 'Горох целый "Ricos"', 'г', 675, -15, 35),
(4, 'Горох целый "Зерница"', 'г', 675, -15, 35),
(5, 'Гречка "Увелка"', 'г', 675, -15, 35),
(7, 'Гречка "Семейные закрома"', 'г', 365, -25, 5),
(9, 'Гречка "Дары Родины"', 'г', 675, -15, 35),
(10, 'Круппа кукурузная "Радуга"', 'г', NULL, NULL, NULL),
(11, 'Круппа кукурузная "Амбарель"', 'г', NULL, NULL, NULL),
(12, 'Сыр "Стародубский"', 'г', NULL, NULL, NULL),
(13, 'Молоко "ДФМ"', 'л', NULL, NULL, NULL),
(14, 'Говядина "Истрапродукт"', 'кг', NULL, NULL, NULL),
(15, 'Мясо курицы "Тринити"', 'кг', NULL, NULL, NULL),
(16, 'Вода минеральная "Минеральные источники"', 'л', NULL, NULL, NULL),
(17, 'Чай зеленый "Май"', 'г', NULL, NULL, NULL),
(18, 'Хлеб черный "Владхлеб"', 'г', NULL, NULL, NULL),
(19, 'Батон "Дорожный" "Владхлеб"', 'г', NULL, NULL, NULL),
(28, 'Какая-то торговая марка', 'кг', 365, -8, 15),
(29, 'Новая торговая марка', 'кг', NULL, NULL, NULL),
(30, 'ТМ "Новая"', 'г', NULL, NULL, NULL),
(31, 'Новая торговая марка', 'кг', 60, -5, 20),
(32, 'Курочка Ряба', 'дес', 365, -5, 30);

-- --------------------------------------------------------

--
-- Table structure for table `d_food_prod_type`
--

DROP TABLE IF EXISTS `d_food_prod_type`;
CREATE TABLE IF NOT EXISTS `d_food_prod_type` (
  `id` int(11) NOT NULL AUTO_INCREMENT,
  `obj` varchar(25) DEFAULT NULL,
  `main_id` int(11) DEFAULT NULL,
  `group_id` int(11) NOT NULL,
  `type_pos` int(11) NOT NULL DEFAULT '1',
  `name` varchar(500) NOT NULL,
  `pack_unit` varchar(10) NOT NULL,
  `round_to_pack` tinyint(1) DEFAULT '0',
  `life` int(11) DEFAULT NULL,
  `temp_from` int(11) DEFAULT NULL,
  `temp_to` int(11) DEFAULT NULL,
  `delivery_possible` tinyint(4) NOT NULL DEFAULT '0',
  `delivery_to_hour` time DEFAULT NULL,
  `deleted` tinyint(1) NOT NULL DEFAULT '0',
  PRIMARY KEY (`id`)
) ENGINE=InnoDB  DEFAULT CHARSET=utf8 AUTO_INCREMENT=181 ;

--
-- Dumping data for table `d_food_prod_type`
--

INSERT INTO `d_food_prod_type` (`id`, `obj`, `main_id`, `group_id`, `type_pos`, `name`, `pack_unit`, `round_to_pack`, `life`, `temp_from`, `temp_to`, `delivery_possible`, `delivery_to_hour`, `deleted`) VALUES
(1, 'all', NULL, 1, 1, 'Бобовые', 'кг', 1, 365, 5, 15, 1, '00:00:00', 0),
(2, 'all', NULL, 1, 3, 'Булгур', 'кг', 0, 675, -15, 35, 0, '00:00:00', 1),
(3, 'all', NULL, 1, 4, 'Гречка', 'кг', 1, 365, -15, 35, 1, '12:00:00', 0),
(4, 'all', NULL, 1, 6, 'Крупа кукурузная', 'кг', 0, 30, -20, -5, 0, NULL, 0),
(5, 'all', NULL, 1, 7, 'Крупа манная', 'кг', 1, 180, -5, 20, 0, NULL, 0),
(6, 'all', NULL, 1, 8, 'Крупа перловая', 'кг', 1, 60, -15, 30, 0, NULL, 0),
(7, 'all', NULL, 1, 10, 'Крупа ячневая', 'кг', 1, 54, -15, 30, 0, NULL, 0),
(8, 'all', NULL, 1, 9, 'Крупа рисовая', 'кг', 0, 365, -5, 30, 1, '15:00:00', 0),
(9, 'all', NULL, 1, 2, 'Горох', 'кг', 0, 365, -5, 30, 0, NULL, 0),
(10, 'all', NULL, 1, 11, 'Макаронные изделия', 'кг', 0, 365, -5, 30, 0, NULL, 0),
(11, 'all', NULL, 2, 1, 'Масло', 'кг', 0, 365, -5, 30, 0, NULL, 0),
(12, 'all', NULL, 2, 4, 'Сыр', 'кг', 0, 365, -5, 30, 0, NULL, 0),
(13, 'all', NULL, 2, 2, 'Молоко', 'л', 0, 365, -5, 30, 0, NULL, 0),
(14, 'all', NULL, 3, 1, 'Мясо', 'кг', 0, 365, -5, 30, 0, NULL, 0),
(15, 'all', NULL, 3, 2, 'Птица', 'кг', 0, 365, -5, 30, 0, NULL, 0),
(16, 'all', NULL, 3, 3, 'Яйцо', 'шт', 0, 365, -5, 30, 0, NULL, 0),
(17, 'all', NULL, 4, 1, 'Вода', 'л', 1, 365, -5, 30, 0, NULL, 0),
(18, 'all', NULL, 4, 2, 'Сок', 'л', 1, 675, -15, 35, 0, NULL, 0),
(19, 'all', NULL, 4, 3, 'Квас', 'л', 1, 365, -25, 5, 0, NULL, 0),
(20, 'all', NULL, 5, 1, 'Рыба', 'кг', 0, NULL, NULL, NULL, 0, NULL, 0),
(21, 'all', NULL, 5, 2, 'Икра', 'кг', 0, NULL, NULL, NULL, 0, NULL, 0),
(22, 'all', NULL, 6, 1, 'Вишня', 'кг', 0, NULL, NULL, NULL, 0, NULL, 0),
(23, 'all', NULL, 6, 2, 'Яблоко', 'кг', 0, NULL, NULL, NULL, 0, NULL, 0),
(24, 'all', NULL, 6, 3, 'Клубника', 'кг', 0, NULL, NULL, NULL, 0, NULL, 0),
(25, 'all', NULL, 6, 4, 'Грибы', 'кг', 0, NULL, NULL, NULL, 0, NULL, 0),
(26, 'all', NULL, 7, 1, 'Хлеб', 'шт', 0, NULL, NULL, NULL, 0, NULL, 0),
(27, 'all', NULL, 7, 2, 'Батон', 'шт', 0, NULL, NULL, NULL, 0, NULL, 0),
(28, 'all', NULL, 7, 3, 'Булочка', 'шт', 0, NULL, NULL, NULL, 0, NULL, 0),
(29, 'all', NULL, 8, 1, 'Чай', 'шт', 0, NULL, NULL, NULL, 0, NULL, 0),
(30, 'all', NULL, 8, 2, 'Кофе', 'шт', 0, NULL, NULL, NULL, 0, NULL, 0),
(37, 'all', NULL, 1, 5, 'Какая-то крупа', 'кг', 0, 365, -5, 30, 0, '00:00:00', 0),
(42, 'all', NULL, 35, 1, 'Новый вид', 'кг', 0, 60, -8, 16, 0, NULL, 0),
(43, 'all', NULL, 35, 2, 'Новый вид (Копия 1)', 'кг', 0, 15, 0, 2, 0, NULL, 0),
(163, 'u4', 9, 56, 1, 'Горох', 'кг', 0, 365, -5, 30, 0, NULL, 0),
(164, 'u4', 3, 56, 2, 'Гречка', 'кг', 1, 365, -15, 35, 1, '12:00:00', 0),
(165, 'u4', 37, 56, 3, 'Какая-то крупа', 'кг', 0, 365, -5, 30, 0, '00:00:00', 0),
(166, 'u4', 13, 57, 1, 'Молоко', 'л', 0, 365, -5, 30, 0, NULL, 0),
(167, 'u4', 4, 56, 4, 'Крупа кукурузная', 'кг', 0, 30, -20, -5, 0, NULL, 0),
(171, 'u2', 9, 60, 2, 'Горох', 'кг', 0, 365, -5, 30, 0, NULL, 0),
(172, 'u2', 3, 60, 1, 'Гречка', 'кг', 1, 365, -15, 35, 1, '12:00:00', 0),
(173, 'u2', 13, 61, 2, 'Молоко', 'л', 0, 365, -5, 30, 0, NULL, 0),
(174, 'u2', 4, 60, 3, 'Крупа кукурузная', 'кг', 0, 30, -20, -5, 0, NULL, 0),
(175, 'u2', 14, 62, 2, 'Мясо', 'кг', 0, 365, -5, 30, 0, NULL, 0),
(176, 'u2', 37, 60, 4, 'Какая-то крупа', 'кг', 0, 365, -5, 30, 0, '00:00:00', 0),
(177, 'u2', 8, 60, 5, 'Крупа рисовая', 'кг', 0, 365, -5, 30, 1, '15:00:00', 0),
(178, 'u3', 3, 63, 1, 'Гречка', 'кг', 1, 365, -15, 35, 1, '12:00:00', 0),
(179, 'u3', 9, 63, 2, 'Горох', 'кг', 0, 365, -5, 30, 0, NULL, 0),
(180, 'u6', 3, 64, 1, 'Гречка', 'кг', 1, 365, -15, 35, 1, '12:00:00', 0);

-- --------------------------------------------------------

--
-- Table structure for table `d_food_technological_maps`
--

DROP TABLE IF EXISTS `d_food_technological_maps`;
CREATE TABLE IF NOT EXISTS `d_food_technological_maps` (
  `id` int(11) NOT NULL AUTO_INCREMENT,
  `obj` varchar(25) DEFAULT NULL,
  `type_map` tinyint(1) DEFAULT NULL,
  `dish_volum` int(11) DEFAULT NULL,
  `unit` varchar(10) DEFAULT NULL,
  `coocking` text,
  PRIMARY KEY (`id`)
) ENGINE=InnoDB DEFAULT CHARSET=utf8 AUTO_INCREMENT=1 ;

-- --------------------------------------------------------

--
-- Table structure for table `d_food_technological_map_prods`
--

DROP TABLE IF EXISTS `d_food_technological_map_prods`;
CREATE TABLE IF NOT EXISTS `d_food_technological_map_prods` (
  `id` int(11) NOT NULL AUTO_INCREMENT,
  `obj` varchar(25) DEFAULT NULL,
  `dish_id` int(11) DEFAULT NULL,
  `map_type` tinyint(1) DEFAULT NULL,
  `pos` int(11) NOT NULL DEFAULT '1',
  `prod_name` varchar(255) DEFAULT NULL,
  `unit` varchar(10) DEFAULT NULL,
  `brutto` int(11) DEFAULT NULL,
  `netto` int(11) DEFAULT NULL,
  PRIMARY KEY (`id`)
) ENGINE=InnoDB  DEFAULT CHARSET=utf8 AUTO_INCREMENT=430 ;

--
-- Dumping data for table `d_food_technological_map_prods`
--

INSERT INTO `d_food_technological_map_prods` (`id`, `obj`, `dish_id`, `map_type`, `pos`, `prod_name`, `unit`, `brutto`, `netto`) VALUES
(1, 'all', 1, 1, 1, 'Мясо', 'кг', 2000, 1000),
(2, 'all', 1, 1, 2, 'Яйцо', 'шт', 6, 6),
(3, 'all', 1, 1, 3, 'Квас', 'л', 1000, 1000),
(7, 'all', 1, 1, 7, 'Вишня', 'кг', 1000, 1000),
(8, 'all', 1, 1, 8, 'Чай', 'шт', 5, 5),
(9, 'all', 1, 1, 9, 'Кофе', 'шт', 4, 4),
(225, 'all', 1, 1, 13, 'Рыба', 'кг', 1000, 1000),
(247, 'all', 1, 2, 1, 'Мясо', 'кг', 1000, 1000),
(248, 'all', 1, 2, 2, 'Яйцо', 'шт', 6, 6),
(249, 'all', 1, 2, 3, 'Квас', 'л', 1000, 1000),
(250, 'all', 1, 2, 7, 'Вишня', 'кг', 1000, 1000),
(251, 'all', 1, 2, 8, 'Чай', 'шт', 5, 5),
(252, 'all', 1, 2, 9, 'Кофе', 'шт', 4, 4),
(253, 'all', 1, 2, 13, 'Рыба', 'кг', 1000, 1000),
(255, 'u2', 1, 1, 4, 'Мясо', 'кг', 1000, 1000),
(256, 'u2', 1, 1, 7, 'Яйцо', 'шт', 6, 6),
(257, 'u2', 1, 1, 2, 'Квас', 'л', 1000, 1000),
(258, 'u2', 1, 1, 1, 'Вишня', 'кг', 1000, 1000),
(259, 'u2', 1, 1, 6, 'Чай', 'шт', 5, 5),
(260, 'u2', 1, 1, 3, 'Кофе', 'шт', 4, 4),
(261, 'u2', 1, 1, 5, 'Рыба', 'кг', 1000, 1000),
(269, 'u2', 1, 2, 1, 'Мясо', 'кг', 1000, 1000),
(270, 'u2', 1, 2, 2, 'Яйцо', 'шт', 6, 6),
(271, 'u2', 1, 2, 7, 'Квас', 'л', 1000, 1000),
(272, 'u2', 1, 2, 9, 'Вишня', 'кг', 1000, 1000),
(273, 'u2', 1, 2, 8, 'Чай', 'шт', 5, 5),
(274, 'u2', 1, 2, 3, 'Кофе', 'шт', 4, 4),
(275, 'u2', 1, 2, 13, 'Рыба', 'кг', 1000, 1000),
(351, 'u3', 1, 1, 1, 'Мясо', 'кг', 2000, 1000),
(352, 'u3', 1, 1, 2, 'Яйцо', 'шт', 6, 6),
(353, 'u3', 1, 1, 3, 'Квас', 'л', 1000, 1000),
(354, 'u3', 1, 1, 7, 'Вишня', 'кг', 1000, 1000),
(355, 'u3', 1, 1, 8, 'Чай', 'шт', 5, 5),
(356, 'u3', 1, 1, 9, 'Кофе', 'шт', 4, 4),
(357, 'u3', 1, 1, 13, 'Рыба', 'кг', 1000, 1000),
(358, 'u3', 1, 2, 1, 'Мясо', 'кг', 1000, 1000),
(359, 'u3', 1, 2, 2, 'Яйцо', 'шт', 6, 6),
(360, 'u3', 1, 2, 3, 'Квас', 'л', 1000, 1000),
(361, 'u3', 1, 2, 7, 'Вишня', 'кг', 1000, 1000),
(362, 'u3', 1, 2, 8, 'Чай', 'шт', 5, 5),
(363, 'u3', 1, 2, 9, 'Кофе', 'шт', 4, 4),
(364, 'u3', 1, 2, 13, 'Рыба', 'кг', 1000, 1000),
(366, 'u4', 1, 1, 1, 'Мясо', 'кг', 2000, 1000),
(367, 'u4', 1, 1, 2, 'Яйцо', 'шт', 6, 6),
(368, 'u4', 1, 1, 3, 'Квас', 'л', 1000, 1000),
(369, 'u4', 1, 1, 7, 'Вишня', 'кг', 1000, 1000),
(370, 'u4', 1, 1, 8, 'Чай', 'шт', 5, 5),
(371, 'u4', 1, 1, 9, 'Кофе', 'шт', 4, 4),
(372, 'u4', 1, 1, 13, 'Рыба', 'кг', 1000, 1000),
(373, 'u4', 1, 2, 1, 'Мясо', 'кг', 1000, 1000),
(374, 'u4', 1, 2, 2, 'Яйцо', 'шт', 6, 6),
(375, 'u4', 1, 2, 3, 'Квас', 'л', 1000, 1000),
(376, 'u4', 1, 2, 7, 'Вишня', 'кг', 1000, 1000),
(377, 'u4', 1, 2, 8, 'Чай', 'шт', 5, 5),
(378, 'u4', 1, 2, 9, 'Кофе', 'шт', 4, 4),
(379, 'u4', 1, 2, 13, 'Рыба', 'кг', 1000, 1000),
(396, 'u6', 1, 1, 1, 'Мясо', 'кг', 2000, 1000),
(397, 'u6', 1, 1, 2, 'Яйцо', 'шт', 6, 6),
(398, 'u6', 1, 1, 3, 'Квас', 'л', 1000, 1000),
(399, 'u6', 1, 1, 7, 'Вишня', 'кг', 1000, 1000),
(400, 'u6', 1, 1, 8, 'Чай', 'шт', 5, 5),
(401, 'u6', 1, 1, 9, 'Кофе', 'шт', 4, 4),
(402, 'u6', 1, 1, 13, 'Рыба', 'кг', 1000, 1000),
(403, 'u6', 1, 2, 1, 'Мясо', 'кг', 1000, 1000),
(404, 'u6', 1, 2, 2, 'Яйцо', 'шт', 6, 6),
(405, 'u6', 1, 2, 3, 'Квас', 'л', 1000, 1000),
(406, 'u6', 1, 2, 7, 'Вишня', 'кг', 1000, 1000),
(407, 'u6', 1, 2, 8, 'Чай', 'шт', 5, 5),
(408, 'u6', 1, 2, 9, 'Кофе', 'шт', 4, 4),
(409, 'u6', 1, 2, 13, 'Рыба', 'кг', 1000, 1000),
(411, 'all', 7, 1, 1, 'Гречка', 'кг', NULL, NULL),
(412, 'all', 7, 1, 2, 'Крупа ячневая', 'кг', NULL, NULL),
(413, 'all', 7, 1, 3, 'Икра', 'кг', NULL, NULL),
(414, 'all', 7, 2, 1, 'Гречка', 'кг', NULL, NULL),
(415, 'all', 7, 2, 2, 'Крупа ячневая', 'кг', NULL, NULL),
(416, 'all', 7, 2, 3, 'Икра', 'кг', NULL, NULL),
(417, 'u3', 7, 1, 1, 'Гречка', 'кг', NULL, NULL),
(418, 'u3', 7, 1, 2, 'Крупа ячневая', 'кг', NULL, NULL),
(419, 'u3', 7, 1, 3, 'Икра', 'кг', NULL, NULL),
(420, 'u3', 7, 2, 1, 'Гречка', 'кг', NULL, NULL),
(421, 'u3', 7, 2, 2, 'Крупа ячневая', 'кг', NULL, NULL),
(422, 'u3', 7, 2, 3, 'Икра', 'кг', NULL, NULL),
(424, 'u2', 7, 1, 1, 'Гречка', 'кг', NULL, NULL),
(425, 'u2', 7, 1, 2, 'Крупа ячневая', 'кг', NULL, NULL),
(426, 'u2', 7, 1, 3, 'Икра', 'кг', NULL, NULL),
(427, 'u2', 7, 2, 1, 'Гречка', 'кг', NULL, NULL),
(428, 'u2', 7, 2, 2, 'Крупа ячневая', 'кг', NULL, NULL),
(429, 'u2', 7, 2, 3, 'Икра', 'кг', NULL, NULL);

-- --------------------------------------------------------

--
-- Table structure for table `d_food_trader`
--

DROP TABLE IF EXISTS `d_food_trader`;
CREATE TABLE IF NOT EXISTS `d_food_trader` (
  `id` int(11) NOT NULL AUTO_INCREMENT,
  `internal_name` varchar(500) NOT NULL,
  `legal_name` varchar(500) NOT NULL,
  `bank_details` text,
  `address` varchar(500) DEFAULT NULL,
  `main_phone` varchar(100) DEFAULT NULL,
  `main_email` varchar(100) DEFAULT NULL,
  `contract` varchar(100) NOT NULL,
  `fio` varchar(500) DEFAULT NULL,
  `phone` varchar(255) DEFAULT NULL,
  `email` varchar(255) DEFAULT NULL,
  `prepayment` tinyint(1) NOT NULL DEFAULT '0',
  `payment_delay` int(11) DEFAULT NULL,
  `discount` int(11) NOT NULL DEFAULT '0',
  `business_obj` text,
  PRIMARY KEY (`id`)
) ENGINE=InnoDB  DEFAULT CHARSET=utf8 AUTO_INCREMENT=4 ;

--
-- Dumping data for table `d_food_trader`
--

INSERT INTO `d_food_trader` (`id`, `internal_name`, `legal_name`, `bank_details`, `address`, `main_phone`, `main_email`, `contract`, `fio`, `phone`, `email`, `prepayment`, `payment_delay`, `discount`, `business_obj`) VALUES
(1, '«Мотылек»', 'ООО «Торговая база «Крылья Бабочки»', NULL, 'г.Москва', '1234567890', 'info@motylek.ru', '№ MT392-603K, от 01.01.2019г.', 'Сергей Иванович Неведомый', '1234567890', 's.nevedomiy@motylek.ru', 0, 2, 40, '["u2","u3","u4","u6","u7"]'),
(2, '«Лебедь»', 'ООО «Озеро»', NULL, 'г.Калуга', '4353425365', 'qwerty@ozero.ru', '№ Оз-03, от 15.12.2018г.', 'Раиса Максимовна Потеряйко', '4565465465', 's.poteryayko@ozero.ru', 1, NULL, 40, '["u3","u4","u5","u6"]'),
(3, '"Снежинка"', 'ООО "Снег и Мороз"', NULL, 'г.Тверь, ул.Центральная, 82', '322223', 'sneg@moroz.com', 'ДР582-365, от 05.02.2019', 'Дед Мороз', '9244488632', 'ded@moroz.com', 0, 30, 1000, '["u2","u3","u5","u7"]');

-- --------------------------------------------------------

--
-- Table structure for table `d_food_trader_delivery_days`
--

DROP TABLE IF EXISTS `d_food_trader_delivery_days`;
CREATE TABLE IF NOT EXISTS `d_food_trader_delivery_days` (
  `trader_id` int(11) NOT NULL,
  `obj` varchar(25) NOT NULL,
  `week_day` tinyint(1) NOT NULL DEFAULT '0',
  `time_from` int(5) DEFAULT NULL,
  `time_to` int(5) DEFAULT NULL,
  PRIMARY KEY (`trader_id`,`obj`,`week_day`)
) ENGINE=InnoDB DEFAULT CHARSET=utf8;

--
-- Dumping data for table `d_food_trader_delivery_days`
--

INSERT INTO `d_food_trader_delivery_days` (`trader_id`, `obj`, `week_day`, `time_from`, `time_to`) VALUES
(1, 'u2', 1, 800, 2100),
(1, 'u2', 3, 700, 1500),
(1, 'u2', 5, 900, 1200);

-- --------------------------------------------------------

--
-- Table structure for table `d_food_trader_obj`
--

DROP TABLE IF EXISTS `d_food_trader_obj`;
CREATE TABLE IF NOT EXISTS `d_food_trader_obj` (
  `trader_id` int(11) NOT NULL,
  `obj` varchar(25) NOT NULL,
  `min_price` int(11) DEFAULT NULL,
  `contract` varchar(100) DEFAULT NULL,
  `fio` varchar(500) DEFAULT NULL,
  `phone` varchar(255) DEFAULT NULL,
  `email` varchar(255) DEFAULT NULL,
  `prepayment` tinyint(1) NOT NULL DEFAULT '0',
  `payment_delay` int(11) DEFAULT NULL,
  `discount` decimal(10,3) DEFAULT NULL,
  PRIMARY KEY (`trader_id`,`obj`)
) ENGINE=InnoDB DEFAULT CHARSET=utf8;

--
-- Dumping data for table `d_food_trader_obj`
--

INSERT INTO `d_food_trader_obj` (`trader_id`, `obj`, `min_price`, `contract`, `fio`, `phone`, `email`, `prepayment`, `payment_delay`, `discount`) VALUES
(1, 'u2', 145000, '№ MT392-624K, от 15.01.2019г.', 'Сергей Иванович Неведомый', '1234567890', 's.nevedomiy@motylek.ru', 1, NULL, 10.000),
(1, 'u4', NULL, '1213444 от 01.01.2019', 'Иванов Иван', '234234324234234', 'admin@local.loc', 0, 15, 12.000),
(3, 'u2', NULL, 'ДР582-365, от 05.02.2019', 'Дед Мороз', '9244488632', 'ded@moroz.com', 0, 30, 5.000);

-- --------------------------------------------------------

--
-- Table structure for table `d_food_trader_price`
--

DROP TABLE IF EXISTS `d_food_trader_price`;
CREATE TABLE IF NOT EXISTS `d_food_trader_price` (
  `trader_id` int(11) NOT NULL DEFAULT '0',
  `obj` varchar(25) NOT NULL,
  `tmark_id` int(11) NOT NULL,
  `pack_id` int(11) NOT NULL,
  `price` decimal(8,2) DEFAULT NULL,
  `smallest_unit_price` double DEFAULT NULL,
  `active` tinyint(1) NOT NULL DEFAULT '0',
  KEY `d_food_trader_price_trader_id_obj_index` (`trader_id`,`obj`),
  KEY `d_food_trader_price_pack_id_index` (`pack_id`),
  KEY `d_food_trader_price_tmark_id_index` (`tmark_id`)
) ENGINE=InnoDB DEFAULT CHARSET=utf8;

--
-- Dumping data for table `d_food_trader_price`
--

INSERT INTO `d_food_trader_price` (`trader_id`, `obj`, `tmark_id`, `pack_id`, `price`, `smallest_unit_price`, `active`) VALUES
(1, 'all', 3, 26, 14.30, 0.0095333333333333, 1),
(1, 'all', 3, 6, 90.18, 0.009018, 1),
(1, 'u4', 3, 6, 82.75, 0.008275, 1),
(2, 'all', 3, 26, 13.00, 0.00866666666666667, 1),
(2, 'all', 3, 6, 85.90, 0.00859, 1),
(2, 'u3', 3, 26, 12.57, 0.00838, 0),
(2, 'u3', 3, 6, 83.10, 0.00831, 0),
(2, 'u4', 3, 26, 12.35, 0.00823333333333333, 0),
(2, 'u4', 3, 6, 81.90, 0.00819, 0),
(2, 'u5', 3, 26, 12.52, 0.00834666666666667, 0),
(2, 'u5', 3, 6, 83.00, 0.0083, 0),
(3, 'all', 3, 26, 12.50, 0.0083333333333333, 1),
(3, 'all', 3, 6, 83.00, 0.0083, 1),
(3, 'u3', 3, 26, 12.50, 0.0083333333333333, 0),
(3, 'u3', 3, 6, 83.00, 0.0083, 0),
(3, 'u4', 3, 26, 14.78, 0.00985333333333333, 0),
(3, 'u4', 3, 6, 98.00, 0.0098, 0),
(3, 'u5', 3, 26, 12.50, 0.0083333333333333, 0),
(3, 'u5', 3, 6, 83.00, 0.0083, 0),
(1, 'u2', 3, 27, 20.55, 0.010275, 1),
(1, 'all', 3, 27, 20.56, 0.01028, 1),
(3, 'all', 3, 27, 12.36, 0.00618, 1),
(3, 'u3', 3, 27, 12.36, 0.00618, 0),
(1, 'all', 7, 7, 43.25, 0.04325, 1),
(1, 'all', 28, 18, 55.67, 0.05567, 1),
(1, 'all', 28, 20, 12.56, 0.01256, 1),
(1, 'all', 10, 8, 47.85, 0.04785, 1),
(1, 'all', 13, 9, 158.87, 0.015887, 1),
(1, 'all', 2, 5, 12.00, 0.012, 1),
(1, 'all', 28, 17, 88.85, 0.0059233333333333, 1),
(1, 'all', 2, 4, 15.33, 0.01533, 1),
(1, 'all', 28, 23, 33.33, 0.0013332, 1),
(3, 'all', 7, 7, 55.55, 0.05555, 0),
(3, 'u3', 7, 7, 55.55, 0.05555, 0),
(3, 'u5', 7, 7, 55.55, 0.05555, 0),
(3, 'u7', 7, 7, 55.55, 0.05555, 0),
(3, 'all', 28, 17, 88.15, 0.0058766666666667, 1),
(3, 'u3', 28, 17, 88.09, 0.0058726666666667, 1),
(3, 'u5', 28, 17, 88.15, 0.0058766666666667, 0),
(3, 'u7', 28, 17, 88.15, 0.0058766666666667, 0),
(3, 'all', 28, 18, 12.15, 0.01215, 1),
(3, 'u3', 28, 18, 12.15, 0.01215, 0),
(3, 'u5', 28, 18, 12.15, 0.01215, 0),
(3, 'u7', 28, 18, 12.15, 0.01215, 0),
(3, 'u3', 28, 20, 15.11, 0.01511, 0),
(3, 'all', 28, 20, 15.11, 0.01511, 1),
(3, 'u5', 28, 20, 15.11, 0.01511, 0),
(3, 'u7', 28, 20, 15.11, 0.01511, 0),
(3, 'u7', 3, 26, 12.50, 0.0083333333333333, 0),
(3, 'u7', 3, 6, 83.00, 0.0083, 0),
(3, 'u5', 3, 27, 12.36, 0.00618, 0),
(3, 'u7', 3, 27, 12.36, 0.00618, 0),
(2, 'all', 28, 17, 80.14, 0.0053426666666667, 0),
(2, 'u4', 28, 17, 80.14, 0.0053426666666667, 0),
(2, 'u5', 28, 17, 80.14, 0.0053426666666667, 0),
(2, 'u6', 28, 17, 80.14, 0.0053426666666667, 0),
(1, 'u7', 3, 26, NULL, NULL, 1),
(1, 'u2', 28, 17, 88.80, 0.00592, 0),
(1, 'u2', 15, 10, 22.22, 0.02222, 1),
(1, 'u2', 13, 9, 158.87, 0.015887, 0),
(1, 'u3', 13, 9, 158.87, 0.015887, 0),
(1, 'u4', 13, 9, 158.87, 0.015887, 0),
(1, 'u6', 13, 9, 158.87, 0.015887, 0),
(1, 'u7', 13, 9, 158.87, 0.015887, 0),
(1, 'all', 15, 10, NULL, NULL, 0),
(1, 'u3', 15, 10, NULL, NULL, 0),
(1, 'u4', 15, 10, NULL, NULL, 0),
(1, 'u6', 15, 10, NULL, NULL, 0),
(1, 'u7', 15, 10, NULL, NULL, 0),
(1, 'u2', 7, 29, 64.48, 0.042986666666667, 1),
(1, 'u2', 3, 26, 14.40, 0.0096, 2),
(1, 'u2', 3, 6, 90.15, 0.009015, 0),
(1, 'u2', 28, 18, 55.70, 0.0557, 0),
(2, 'u3', 1, 3, 70.13, 0.007013, 0),
(2, 'u3', 18, 13, 18.15, 0.01815, 0),
(3, 'u2', 3, 26, 12.45, 0.0083, 0),
(3, 'u2', 3, 27, 12.30, 0.00615, 0);

-- --------------------------------------------------------

--
-- Table structure for table `d_food_units`
--

DROP TABLE IF EXISTS `d_food_units`;
CREATE TABLE IF NOT EXISTS `d_food_units` (
  `id` int(11) NOT NULL AUTO_INCREMENT,
  `group` varchar(10) DEFAULT NULL,
  `name` varchar(10) DEFAULT NULL,
  `to_smallest` int(11) DEFAULT NULL,
  `to_largest` int(11) DEFAULT NULL,
  `decimal_places` tinyint(1) DEFAULT NULL,
  PRIMARY KEY (`id`)
) ENGINE=InnoDB  DEFAULT CHARSET=utf8 AUTO_INCREMENT=7 ;

--
-- Dumping data for table `d_food_units`
--

INSERT INTO `d_food_units` (`id`, `group`, `name`, `to_smallest`, `to_largest`, `decimal_places`) VALUES
(1, 'weight', 'г', 1, 1000, 0),
(2, 'weight', 'кг', 1000, 1, 3),
(3, 'volume', 'мл', 1, 1000, 0),
(4, 'volume', 'л', 1000, 1, 3),
(5, 'piece', 'шт', 1, 10, 0),
(6, 'piece', 'дес', 10, 1, 1);

-- --------------------------------------------------------

--
-- Table structure for table `d_food_warehouse`
--

DROP TABLE IF EXISTS `d_food_warehouse`;
CREATE TABLE IF NOT EXISTS `d_food_warehouse` (
  `id` int(11) NOT NULL AUTO_INCREMENT,
  `obj` varchar(25) DEFAULT NULL,
  `trans_doc_type` tinyint(1) DEFAULT NULL,
  `trans_doc_id` int(11) DEFAULT NULL,
  `lot_id` int(11) DEFAULT NULL,
  `trans_date` int(11) DEFAULT NULL,
  `prod_name` varchar(500) DEFAULT NULL,
  `tmark_id` int(11) DEFAULT NULL,
  `pack_id` int(11) DEFAULT NULL,
  `unit` varchar(10) DEFAULT NULL,
  `pack_unit` varchar(10) DEFAULT NULL,
  `amount` bigint(20) DEFAULT NULL,
  `price` int(11) DEFAULT NULL,
  `exp_date` int(11) DEFAULT NULL,
  PRIMARY KEY (`id`)
) ENGINE=InnoDB  DEFAULT CHARSET=utf8 AUTO_INCREMENT=220 ;

--
-- Dumping data for table `d_food_warehouse`
--

INSERT INTO `d_food_warehouse` (`id`, `obj`, `trans_doc_type`, `trans_doc_id`, `lot_id`, `trans_date`, `prod_name`, `tmark_id`, `pack_id`, `unit`, `pack_unit`, `amount`, `price`, `exp_date`) VALUES
(94, 'u2', 1, 7, 7, 1555613866, 'Какая-то торговая марка, 15 кг (15кг)', 28, 17, 'кг', '15кг', 15000, 83700, 1586296799),
(95, 'u2', 1, 7, 7, 1555613866, 'Горох целый "Ricos", пачка (2кг)', 3, 27, 'кг', '2кг', 28000, 11780, 1585934854),
(96, 'u2', 1, 7, 7, 1555613866, 'Какая-то торговая марка, кг (на вес) (кг, на вес)', 28, 20, 'кг', 'кг', 10000, 14390, 1586296799),
(97, 'u2', 1, 7, 7, 1555613866, 'Какая-то торговая марка, 1 кг (1кг)', 28, 18, 'кг', '1кг', 1000, 11500, 1581890400),
(98, 'u2', 1, 7, 7, 1555613866, 'Какая-то торговая марка, 15 кг (15кг)', 28, 17, 'кг', '15кг', 15000, 83700, 1586713995),
(99, 'u2', 1, 7, 7, 1555613866, 'Какая-то торговая марка, 15 кг (15кг)', 28, 17, 'кг', '15кг', 15000, 83700, 1586714220),
(100, 'u2', 1, 7, 7, 1555613866, 'Какая-то торговая марка, 1 кг (1кг)', 28, 18, 'кг', '1кг', 1000, 11500, 1585162666),
(101, 'u2', 1, 7, 7, 1555613866, 'Какая-то торговая марка, кг (на вес) (кг, на вес)', 28, 20, 'кг', 'кг', 10000, 14390, 1587149401),
(122, 'u2', 1, 5, 5, 1555703632, 'Какая-то торговая марка, 15 кг (15кг)', 28, 17, 'кг', '15кг', 15000, 83700, 1576454399),
(123, 'u2', 1, 5, 5, 1555703632, 'Горох целый "Ricos", пачка (2кг)', 3, 27, 'кг', '2кг', 28000, 11780, 1577923199),
(124, 'u2', 1, 5, 5, 1555703632, 'Какая-то торговая марка, кг (на вес) (кг, на вес)', 28, 20, 'кг', 'кг', 10000, 14390, 1576454399),
(125, 'u2', 1, 5, 5, 1555703632, 'Горох целый "Ricos", 1,5 кг (1500г)', 3, 26, 'г', '1500г', 15000, 12450, 1613084399),
(126, 'u2', 1, 5, 5, 1555703632, 'Какая-то торговая марка, 15 кг (15кг)', 28, 17, 'кг', '15кг', 15000, 83700, 1586296799),
(127, 'u2', 1, 5, 5, 1555703632, 'Какая-то торговая марка, 15 кг (15кг)', 28, 17, 'кг', '15кг', 15000, 83700, 1586296799),
(128, 'u2', 1, 5, 5, 1555703632, 'Какая-то торговая марка, 1 кг (1кг)', 28, 18, 'кг', '1кг', 10000, 12150, 1586296799),
(129, 'u2', 1, 5, 5, 1555703632, 'Горох целый "Ricos", пачка (2кг)', 3, 27, 'кг', '2кг', 2000, 11780, 1613084399),
(130, 'u2', 1, 5, 5, 1555703632, 'Гречка "Семейные закрома", 1 кг (1кг)', 7, 7, 'кг', '1кг', 1000, 55550, 1586296799),
(131, 'u2', 1, 5, 5, 1555703632, 'Какая-то торговая марка, 15 кг (15кг)', 28, 17, 'кг', '15кг', 15000, 83700, 1586296799),
(132, 'u2', 1, 1, 1, 1555786238, 'Какая-то торговая марка, 15 кг (15кг)', 28, 17, 'кг', '15кг', 15000, 88850, 1586296799),
(133, 'u2', 1, 1, 1, 1555786238, 'Молоко "ДФМ", Бидон (10л)', 13, 9, 'л', '10л', 10000, 158700, 1586296799),
(134, 'u2', 1, 1, 1, 1555786238, 'Мясо курицы "Тринити", 1 кг (1кг)', 15, 10, 'кг', '1кг', 1000, 22200, 1586296799),
(135, 'u2', 1, 1, 1, 1555786238, 'Мясо курицы "Тринити", 1 кг (1кг)', 15, 10, 'кг', '1кг', 1000, 22200, 1586296799),
(136, 'u2', 1, 8, 8, 1555786915, 'Горох целый "Ricos", 1,5 кг (1500г)', 3, 26, 'г', '1500г', 1500, 12450, 1584907289),
(137, 'u2', 1, 8, 8, 1555786915, 'Горох целый "Ricos", 10 кг (10кг)', 3, 6, 'кг', '10кг', 10000, 78850, 1585080089),
(138, 'u2', 1, 8, 8, 1555786915, 'Горох целый "Ricos", пачка (2кг)', 3, 27, 'кг', '2кг', 2000, 11690, 1578168089),
(147, 'u2', 2, 6, 1, 1556523204, 'Молоко "ДФМ", Бидон (10л)', 13, 9, 'л', '10л', -10000, 158700, 1586296799),
(148, 'u2', 2, 6, 1, 1556523204, 'Мясо курицы "Тринити", 1 кг (1кг)', 15, 10, 'кг', '1кг', -1000, 22200, 1586296799),
(170, 'u2', 4, 4, 5, 1561813507, 'Горох целый "Ricos", 1,5 кг (1500г)', 3, 26, 'г', '1500г', -7500, 12450, 1613084399),
(171, 'u2', 4, 4, 7, 1561813507, 'Какая-то торговая марка, 15 кг (15кг)', 28, 17, 'кг', '15кг', -15000, 83700, 1586296799),
(172, 'u2', 4, 4, 7, 1561813507, 'Какая-то торговая марка, 1 кг (1кг)', 28, 18, 'кг', '1кг', -1000, 11500, 1581890400),
(173, 'u2', 4, 2, 7, 1561814346, 'Горох целый "Ricos", пачка (2кг)', 3, 27, 'кг', '2кг', -18000, 11780, 1585934854),
(174, 'u2', 3, 1, NULL, 1563121783, 'Гречка "Семейные закрома", 1 кг (1кг)', 7, 7, 'кг', '1кг', -1000, 55550, 1586296799),
(175, 'u2', 3, 1, NULL, 1563121783, 'Горох целый "Ricos", 1,5 кг (1500г)', 3, 26, 'г', '1500г', -1500, 12450, 1584907289),
(194, 'u2', 3, 2, NULL, 1563123571, 'Какая-то торговая марка, 15 кг (15кг)', 28, 17, 'кг', '15кг', -15000, 83700, 1576454399),
(196, 'u2', 3, 5, NULL, 1563124965, 'Горох целый "Ricos", 1,5 кг (1500г)', 3, 26, 'г', '1500г', -1500, 12450, 1584907289),
(197, 'u2', 3, 5, NULL, 1563124965, 'Горох целый "Ricos", 10 кг (10кг)', 3, 6, 'кг', '10кг', -10000, 78850, 1585080089),
(200, 'u4', 3, 4, NULL, 1563124994, 'Горох целый "Ricos", 1,5 кг (1500г)', 3, 26, 'г', '1500г', -1500, 12450, 1584907289),
(209, 'u3', 3, 1, NULL, 1563213314, 'Гречка "Семейные закрома", 1 кг (1кг)', 7, 7, 'кг', '1кг', 1000, 55550, 1586296799),
(210, 'u3', 3, 1, NULL, 1563213315, 'Горох целый "Ricos", 1,5 кг (1500г)', 3, 26, 'г', '1500г', 1500, 12450, 1584907289),
(215, 'u4', 3, 5, NULL, 1563215868, 'Горох целый "Ricos", 1,5 кг (1500г)', 3, 26, 'г', '1500г', 1500, 12450, 1584907289),
(216, 'u4', 3, 5, NULL, 1563215868, 'Горох целый "Ricos", 10 кг (10кг)', 3, 6, 'кг', '10кг', 10000, 78850, 1585080089),
(217, 'u2', 3, 4, NULL, 1563215928, 'Горох целый "Ricos", 1,5 кг (1500г)', 3, 26, 'г', '1500г', 1500, 12450, 1584907289),
(218, 'u3', 3, 6, NULL, 1563216431, 'Гречка "Семейные закрома", 1 кг (1кг)', 7, 7, 'кг', '1кг', -1000, 55550, 1586296799),
(219, 'u6', 3, 6, NULL, 1563216500, 'Гречка "Семейные закрома", 1 кг (1кг)', 7, 7, 'кг', '1кг', 1000, 55550, 1586296799);

/*!40101 SET CHARACTER_SET_CLIENT=@OLD_CHARACTER_SET_CLIENT */;
/*!40101 SET CHARACTER_SET_RESULTS=@OLD_CHARACTER_SET_RESULTS */;
/*!40101 SET COLLATION_CONNECTION=@OLD_COLLATION_CONNECTION */;
